text,symptom_id,symptom_name,severity,esi_label,language,source,base_weight
My experience is that pain in shoulder tip with period.,S020,shoulder_tip_pain,moderate,Moderate,en,synthetic,6
I want you to know that pain when going to the toilet.,S009,dyschezia,severe,High,en-KE,synthetic,9
My experience is that hard to pass stool during period.,S011,constipation_cyclical,moderate,Moderate,en,synthetic,6
I told the doctor that I cannot function during my period.,S001,dysmenorrhoea,mild,Moderate,en-KE,synthetic,10
I have cannot pass anything.,S011,constipation_cyclical,critical,High,en,synthetic,6
I want you to know that hot and sweaty during period.,S024,fever_cyclical,severe,Moderate,en,synthetic,5
The problem I have is that bowels go crazy during period.,S012,diarrhoea_cyclical,critical,High,en,synthetic,5
"I have been dealing with on medication for depression for a while now, for 3 months now.",S029,depression,severe,Moderate,en,synthetic,5
Every month I suffer from no one believed me.,S038,previous_misdiagnosis,severe,Moderate,en-KE,synthetic,6
I cannot work properly because of feel feverish during period.,S024,fever_cyclical,critical,High,en,synthetic,5
"For the past few months I have had extreme sleep problems, for the past 36 months.",S031,sleep_disturbance,critical,Moderate,en,synthetic,4
"Nimekuwa na nimechoka sana kila wakati kwa muda mrefu, for 24 years.",S022,fatigue_chronic,mild,Low,sw,synthetic,7
Tatizo langu kuu ni nimechoka sana kila wakati.,S022,fatigue_chronic,mild,Low,sw,synthetic,7
pain wakes me at night.,S031,sleep_disturbance,moderate,Low,en,synthetic,4
I experience diarrhoea every period regularly.,S012,diarrhoea_cyclical,moderate,Low,en,synthetic,5
I want you to know that blood when not on period.,S004,intermenstrual_bleeding,critical,High,en,synthetic,6
I experience unbearable sex has become impossible regularly.,S006,dyspareunia_deep,critical,Critical,en,synthetic,9
"I am here because miss school from period pain, for over 3 months.",S036,work_school_absence,severe,Moderate,en-KE,synthetic,7
I came to the clinic because of unbearable pain below belly button.,S002,chronic_pelvic_pain,critical,Critical,en,synthetic,10
I want you to know that pain at the entrance during sex.,S007,dyspareunia_superficial,moderate,Moderate,en,synthetic,6
Since I was young I have had pain passing urine.,S015,dysuria,critical,High,en-KE,synthetic,7
I experience severe low haemoglobin regularly.,S023,anaemia,severe,Moderate,en,synthetic,6
I have depression.,S029,depression,critical,High,en,synthetic,5
My main problem is struggling to conceive.,S026,infertility,critical,Critical,en,synthetic,9
My main problem is lower back pain.,S018,lower_back_pain,critical,High,en,synthetic,7
Nina hedhi nyingi sana.,S005,heavy_menstrual_bleeding,critical,High,sw,synthetic,7
I have nearly faint during period.,S025,fainting_syncope,moderate,Moderate,en,synthetic,8
The problem I have is that cough up blood with period.,S033,catamenial_haemoptysis,critical,High,en,synthetic,8
I want you to know that occasional blood when going toilet during period.,S010,rectal_bleeding,mild,Moderate,en,synthetic,8
Nilikuja hospitalini kwa sababu ya tumbo la chini linauma.,S002,chronic_pelvic_pain,critical,Critical,sw,synthetic,10
"Doctor, I have unbearable urinating frequently and I do not know what to do.",S017,urinary_frequency,critical,High,en,synthetic,5
Since I was young I have had low blood.,S023,anaemia,severe,Moderate,en-KE,synthetic,6
"Nilikuja hospitalini kwa sababu ya maumivu ya hedhi, for 6 years.",S001,dysmenorrhoea,critical,Critical,sw,synthetic,10
My experience is that pain in my lower belly.,S002,chronic_pelvic_pain,moderate,High,en-KE,synthetic,10
The problem I have is that trying for a baby without success.,S026,infertility,mild,Moderate,en-KE,synthetic,9
Nimekuwa nikilalamika kuhusu nimechoka sana kila wakati.,S022,fatigue_chronic,critical,High,sw,synthetic,7
My experience is that have to sit down suddenly from dizziness.,S025,fainting_syncope,moderate,Moderate,en,synthetic,8
I came to the clinic because of constipation during period.,S011,constipation_cyclical,severe,Moderate,en,synthetic,6
I came to the clinic because of severe bloody urine.,S016,haematuria,severe,High,en,synthetic,8
"I am here because my period makes me stay in bed, for 3 months now.",S001,dysmenorrhoea,mild,Moderate,en-KE,synthetic,10
My experience is that pain when going to the toilet.,S009,dyschezia,mild,Moderate,en-KE,synthetic,9
I experience slightly bloated around period regularly.,S014,bloating_abdominal,mild,Low,en,synthetic,5
For the past few months I have had belly distension.,S014,bloating_abdominal,mild,Low,en,synthetic,5
I am here because back aches a bit during period.,S018,lower_back_pain,mild,Low,en,synthetic,7
Nimekuwa nikilalamika kuhusu damu kidogo mwilini.,S023,anaemia,severe,Moderate,sw,synthetic,6
I am here because pain in shoulder tip with period.,S020,shoulder_tip_pain,severe,Moderate,en,synthetic,6
My experience is that my period makes me stay in bed.,S001,dysmenorrhoea,critical,Critical,en-KE,synthetic,10
For the past few months I have had severe pain affects my relationship.,S037,relationship_social_impact,severe,Moderate,en,synthetic,5
My experience is that doctors keep sending me away.,S038,previous_misdiagnosis,moderate,Moderate,en-KE,synthetic,6
I am struggling with occasional anxious all the time.,S030,anxiety,mild,Low,en,synthetic,4
Nilikuja hospitalini kwa sababu ya kujamiiana kunauma.,S006,dyspareunia_deep,critical,Critical,sw,synthetic,9
pain starts a few days early.,S003,premenstrual_pain,moderate,Moderate,en,synthetic,7
my period makes me stay in bed.,S001,dysmenorrhoea,mild,Moderate,en-KE,synthetic,10
I want you to know that trying for a baby without success.,S026,infertility,critical,Critical,en-KE,synthetic,9
I cannot work properly because of fainting.,S025,fainting_syncope,severe,High,en,synthetic,8
Nimekuwa nikilalamika kuhusu kuumwa unapokojoa.,S015,dysuria,mild,Low,sw,synthetic,7
I am here because emergency pad changes every 30 minutes.,S005,heavy_menstrual_bleeding,critical,High,en,synthetic,7
Tatizo langu kuu ni sijapata mimba ingawa ninajaribu.,S026,infertility,moderate,Moderate,sw,synthetic,9
My experience is that mentally struggling with the pain.,S029,depression,mild,Low,en,synthetic,5
My experience is that my period affects my job.,S036,work_school_absence,severe,Moderate,en,synthetic,7
The problem I have is that pain starts a few days early.,S003,premenstrual_pain,moderate,Moderate,en,synthetic,7
I am here because big lump in scar needing operation.,S035,scar_endometriosis,critical,High,en,synthetic,7
My main problem is bloody urine.,S016,haematuria,moderate,Moderate,en,synthetic,8
I cannot work properly because of hip aches sometimes.,S021,hip_groin_pain,mild,Low,en,synthetic,6
I told the doctor that cycle is all over the place.,S027,irregular_periods,mild,Low,en,synthetic,5
I told the doctor that blood when not on period.,S004,intermenstrual_bleeding,critical,High,en-KE,synthetic,6
"Nilikuja hospitalini kwa sababu ya uchovu kupita kiasi, for about 12 months.",S022,fatigue_chronic,severe,Moderate,sw,synthetic,7
For the past few months I have had occasional pale from blood loss.,S023,anaemia,mild,Low,en,synthetic,6
I have been dealing with occasional blood clots for a while now.,S005,heavy_menstrual_bleeding,mild,Low,en,synthetic,7
"I cannot work properly because of pain affects my relationship, for 2 months now.",S037,relationship_social_impact,moderate,Low,en,synthetic,5
The problem I have is that feeling of fullness in pelvis.,S028,pelvic_mass_sensation,critical,High,en,synthetic,7
I have stomach swells up and it is really affecting me.,S014,bloating_abdominal,mild,Low,en-KE,synthetic,5
Sijui nifanye nini kuhusu hedhi nyingi sana.,S005,heavy_menstrual_bleeding,severe,Moderate,sw,synthetic,7
I want you to know that big lump in scar needing operation.,S035,scar_endometriosis,critical,High,en,synthetic,7
My experience is that change pad every few hours.,S005,heavy_menstrual_bleeding,moderate,Moderate,en,synthetic,7
"For the past few months I have had chronic pelvic pain, since I was 14 years old.",S002,chronic_pelvic_pain,mild,Moderate,en,synthetic,10
I told the doctor that I avoid sex because it hurts.,S006,dyspareunia_deep,mild,Moderate,en-KE,synthetic,9
Tatizo langu kuu ni maumivu wakati wa kujamiiana.,S006,dyspareunia_deep,critical,Critical,sw,synthetic,9
I cannot work properly because of serious dyschezia.,S009,dyschezia,severe,High,en,synthetic,9
My main problem is cannot pass anything.,S011,constipation_cyclical,critical,High,en,synthetic,6
Nina uchovu kupita kiasi.,S022,fatigue_chronic,moderate,Moderate,sw,synthetic,7
I told the doctor that sijawahi pata mtoto ingawa ninajaribu.,S026,infertility,critical,Critical,sw,synthetic,9
I want you to know that my period makes me stay in bed.,S001,dysmenorrhoea,moderate,High,en-KE,synthetic,10
going dizzy and faint from pain.,S025,fainting_syncope,critical,High,en,synthetic,8
The problem I have is that my back is in agony during my period.,S018,lower_back_pain,moderate,Moderate,en-KE,synthetic,7
I am here because pain builds up before period.,S003,premenstrual_pain,critical,High,en,synthetic,7
Nilikuja hospitalini kwa sababu ya nimechoka sana kila wakati.,S022,fatigue_chronic,mild,Low,sw,synthetic,7
I told the doctor that emergency from fever during period.,S024,fever_cyclical,critical,High,en,synthetic,5
Nimekuwa na kuumwa unapokojoa kwa muda mrefu.,S015,dysuria,critical,High,sw,synthetic,7
I am struggling with slight burning at start.,S007,dyspareunia_superficial,mild,Low,en,synthetic,6
I came to the clinic because of cannot work properly.,S002,chronic_pelvic_pain,severe,High,en,synthetic,10
I have had feeling worthless since I was a teenager.,S029,depression,severe,Moderate,en,synthetic,5
"Doctor, I have occasional shoulder pain during period and I do not know what to do.",S020,shoulder_tip_pain,mild,Low,en,synthetic,6
Nilikuja hospitalini kwa sababu ya maumivu ya nyonga.,S002,chronic_pelvic_pain,moderate,High,sw,synthetic,10
Nimekuwa na hedhi nyingi sana kwa muda mrefu.,S005,heavy_menstrual_bleeding,moderate,Moderate,sw,synthetic,7
I am here because pain shoots down my leg.,S019,leg_pain_sciatica,critical,High,en,synthetic,7
For the past few months I have had collapsed from pain.,S025,fainting_syncope,severe,High,en,synthetic,8
blood in sputum during period.,S033,catamenial_haemoptysis,mild,Moderate,en,synthetic,8
My main problem is random bleeding.,S004,intermenstrual_bleeding,severe,Moderate,en,synthetic,6
I want you to know that inner thigh pain during period.,S021,hip_groin_pain,severe,Moderate,en,synthetic,6
I am here because sijawahi pata mtoto ingawa ninajaribu.,S026,infertility,moderate,Moderate,sw,synthetic,9
I have had pain when passing stool since I was a teenager.,S009,dyschezia,mild,Moderate,en,synthetic,9
Nimekuwa na maumivu ya nyonga kwa muda mrefu.,S002,chronic_pelvic_pain,moderate,High,sw,synthetic,10
I experience completely alone regularly.,S037,relationship_social_impact,critical,High,en,synthetic,5
I have pain has isolated me.,S037,relationship_social_impact,critical,High,en,synthetic,5
I have had extreme scar swells during period since I was a teenager.,S035,scar_endometriosis,critical,High,en,synthetic,7
I am here because I avoid sex because it hurts.,S006,dyspareunia_deep,critical,Critical,en-KE,synthetic,9
Nilikuja hospitalini kwa sababu ya kuumwa unapokwenda chooni.,S009,dyschezia,critical,Critical,sw,synthetic,9
I came to the clinic because of regular miss school during period.,S036,work_school_absence,moderate,Moderate,en,synthetic,7
My experience is that blood in phlegm during period.,S033,catamenial_haemoptysis,mild,Moderate,en,synthetic,8
Every month I suffer from stomach upset with period.,S012,diarrhoea_cyclical,mild,Low,en-KE,synthetic,5
The problem I have is that painful lump at belly button.,S034,umbilical_pain_bleeding,moderate,Moderate,en,synthetic,8
I have constant worry.,S030,anxiety,severe,Moderate,en,synthetic,4
I have had severe bleeding between periods since I was a teenager.,S004,intermenstrual_bleeding,severe,Moderate,en,synthetic,6
"I want you to know that dropped out of school from pain, for over 3 months.",S036,work_school_absence,critical,High,en,synthetic,7
For the past few months I have had deep pain during intercourse.,S006,dyspareunia_deep,moderate,Moderate,en,synthetic,9
I told the doctor that my back is in agony during my period.,S018,lower_back_pain,moderate,Moderate,en-KE,synthetic,7
I cannot work properly because of collapsing from pain.,S025,fainting_syncope,moderate,Moderate,en,synthetic,8
I am struggling with constipation during period.,S011,constipation_cyclical,moderate,Moderate,en,synthetic,6
I am struggling with has destroyed my relationship.,S006,dyspareunia_deep,critical,Critical,en,synthetic,9
Tatizo langu kuu ni maumivu ya hedhi.,S001,dysmenorrhoea,severe,High,sw,synthetic,10
Nimekuwa na kuumwa unapokojoa kwa muda mrefu.,S015,dysuria,moderate,Moderate,sw,synthetic,7
I am struggling with emergency rectal bleeding.,S010,rectal_bleeding,critical,High,en,synthetic,8
Nimekuwa nikilalamika kuhusu kujamiiana kunauma.,S006,dyspareunia_deep,severe,High,sw,synthetic,9
Nina damu nyingi sana.,S005,heavy_menstrual_bleeding,mild,Low,sw,synthetic,7
I am struggling with noticeable loin pain during period.,S018,lower_back_pain,moderate,Moderate,en,synthetic,7
I am struggling with feeling hopeless.,S029,depression,critical,High,en,synthetic,5
The problem I have is that blood in sputum during period.,S033,catamenial_haemoptysis,critical,High,en,synthetic,8
Sijui nifanye nini kuhusu tumbo la chini linauma.,S002,chronic_pelvic_pain,mild,Moderate,sw,synthetic,10
I have had emergency from leg pain since I was a teenager.,S019,leg_pain_sciatica,critical,High,en,synthetic,7
Sijui nifanye nini kuhusu maumivu ya nyonga.,S002,chronic_pelvic_pain,mild,Moderate,sw,synthetic,10
"Doctor, I have pain between periods and I do not know what to do.",S002,chronic_pelvic_pain,moderate,High,en,synthetic,10
pressure on bladder and bowel.,S028,pelvic_mass_sensation,severe,Moderate,en,synthetic,7
For the past few months I have had back ache with period.,S018,lower_back_pain,moderate,Moderate,en,synthetic,7
I experience loin pain during period regularly.,S018,lower_back_pain,moderate,Moderate,en,synthetic,7
I have come to see the doctor because of running stomach during period.,S012,diarrhoea_cyclical,moderate,Low,en-KE,synthetic,5
My experience is that big lump in scar needing operation.,S035,scar_endometriosis,critical,High,en,synthetic,7
I want you to know that cycle is all over the place.,S027,irregular_periods,moderate,Low,en,synthetic,5
For the past few months I have had significant anxiety.,S030,anxiety,moderate,Low,en,synthetic,4
I told the doctor that blood in my poop during period.,S010,rectal_bleeding,mild,Moderate,en,synthetic,8
The problem I have is that trying for a baby without success.,S026,infertility,moderate,Moderate,en-KE,synthetic,9
My main problem is dismissed by doctor.,S038,previous_misdiagnosis,moderate,Moderate,en,synthetic,6
The problem I have is that emergency hospital for blood in urine.,S016,haematuria,critical,High,en,synthetic,8
The problem I have is that sijawahi pata mtoto ingawa ninajaribu.,S026,infertility,moderate,Moderate,sw,synthetic,9
I avoid sex because it hurts.,S006,dyspareunia_deep,moderate,Moderate,en-KE,synthetic,9
I came to the clinic because of diarrhoea every period.,S012,diarrhoea_cyclical,moderate,Low,en,synthetic,5
pain in my lower belly.,S002,chronic_pelvic_pain,mild,Moderate,en-KE,synthetic,10
I experience night pain regularly.,S031,sleep_disturbance,moderate,Low,en,synthetic,4
I want you to know that pain at top of shoulder during menstruation.,S020,shoulder_tip_pain,moderate,Moderate,en,synthetic,6
Nilikuja hospitalini kwa sababu ya damu nyingi sana.,S005,heavy_menstrual_bleeding,moderate,Moderate,sw,synthetic,7
"Doctor, I have anxiety is disabling and I do not know what to do, for 2 years.",S030,anxiety,severe,Moderate,en,synthetic,4
Nimekuwa na hedhi inaniuma kwa muda mrefu.,S001,dysmenorrhoea,critical,Critical,sw,synthetic,10
"I have been dealing with pain affects my relationship for a while now, for over 3 months.",S037,relationship_social_impact,moderate,Low,en,synthetic,5
I have had severe cannot socialise during period since I was a teenager.,S037,relationship_social_impact,severe,Moderate,en,synthetic,5
"Doctor, I have anaemia and I do not know what to do.",S023,anaemia,severe,Moderate,en,synthetic,6
I am here because CS scar painful during period.,S035,scar_endometriosis,severe,Moderate,en-KE,synthetic,7
I experience fever during period regularly.,S024,fever_cyclical,mild,Low,en,synthetic,5
For the past few months I have had loose stools during period.,S012,diarrhoea_cyclical,critical,High,en,synthetic,5
I experience hospitalised for anaemia regularly.,S023,anaemia,critical,High,en,synthetic,6
"I want you to know that take days off for period, for the past 6 months.",S036,work_school_absence,mild,Low,en,synthetic,7
I am here because pee a bit more during period.,S017,urinary_frequency,mild,Low,en,synthetic,5
Since I was young I have had stomach swells up.,S014,bloating_abdominal,mild,Low,en-KE,synthetic,5
I told the doctor that pain from hip to leg.,S019,leg_pain_sciatica,severe,Moderate,en,synthetic,7
I cannot work properly because of bloody urine.,S016,haematuria,moderate,Moderate,en,synthetic,8
I told the doctor that my period is too much.,S005,heavy_menstrual_bleeding,moderate,Moderate,en-KE,synthetic,7
I told the doctor that my period makes me stay in bed.,S001,dysmenorrhoea,moderate,High,en-KE,synthetic,10
my period is too much.,S005,heavy_menstrual_bleeding,severe,Moderate,en-KE,synthetic,7
I cannot work properly because of bleed between periods regularly.,S004,intermenstrual_bleeding,moderate,Moderate,en,synthetic,6
I am here because told I have a cyst.,S028,pelvic_mass_sensation,severe,Moderate,en-KE,synthetic,7
"The problem I have is that pain wakes me at night, for over 2 months.",S031,sleep_disturbance,mild,Low,en,synthetic,4
I told the doctor that hot and sweaty during period.,S024,fever_cyclical,moderate,Low,en,synthetic,5
My experience is that kuhisi kichefuchefu wakati wa hedhi.,S013,nausea_vomiting_cyclical,severe,Moderate,sw,synthetic,6
I came to the clinic because of pain when pooping.,S009,dyschezia,moderate,Moderate,en,synthetic,9
going dizzy and faint from pain.,S025,fainting_syncope,severe,High,en,synthetic,8
"I want you to know that I cannot function during my period, since I was 15 years old.",S001,dysmenorrhoea,critical,Critical,en-KE,synthetic,10
The problem I have is that feel something in my pelvis.,S028,pelvic_mass_sensation,moderate,Moderate,en,synthetic,7
"Doctor, I have unbearable dysuria and I do not know what to do.",S015,dysuria,critical,High,en,synthetic,7
I have had fear about my fertility since I was a teenager.,S030,anxiety,mild,Low,en,synthetic,4
My experience is that pain in my lower belly.,S002,chronic_pelvic_pain,severe,High,en-KE,synthetic,10
"Tatizo langu kuu ni maumivu ya hedhi, for about 3 months.",S001,dysmenorrhoea,mild,Moderate,sw,synthetic,10
I have pain passing urine and it is really affecting me.,S015,dysuria,critical,High,en-KE,synthetic,7
Nilikuja hospitalini kwa sababu ya kuumwa unapokwenda chooni.,S009,dyschezia,mild,Moderate,sw,synthetic,9
pain even when I am not on my period.,S002,chronic_pelvic_pain,critical,Critical,en-KE,synthetic,10
"Nilikuja hospitalini kwa sababu ya uchovu kupita kiasi, for 3 months now.",S022,fatigue_chronic,moderate,Moderate,sw,synthetic,7
Tatizo langu kuu ni hedhi inaniuma.,S001,dysmenorrhoea,moderate,High,sw,synthetic,10
I experience bleed between periods regularly regularly.,S004,intermenstrual_bleeding,moderate,Moderate,en,synthetic,6
"Nilikuja hospitalini kwa sababu ya maumivu ya hedhi, for 36 years.",S001,dysmenorrhoea,moderate,High,sw,synthetic,10
My main problem is miss one day sometimes.,S036,work_school_absence,mild,Low,en,synthetic,7
"My experience is that miss 2-3 days every period, for 6 months now.",S036,work_school_absence,moderate,Moderate,en,synthetic,7
I told the doctor that blood in urine every period.,S016,haematuria,moderate,Moderate,en,synthetic,8
I told the doctor that cannot breathe properly from bloating.,S014,bloating_abdominal,critical,High,en,synthetic,5
I need help with running stomach during period.,S012,diarrhoea_cyclical,critical,High,en-KE,synthetic,5
bowels go crazy during period.,S012,diarrhoea_cyclical,critical,High,en,synthetic,5
"Doctor, I have occasional feel sick during period and I do not know what to do.",S013,nausea_vomiting_cyclical,mild,Low,en,synthetic,6
"I came to the clinic because of unbearable depression, for over 3 months.",S029,depression,critical,High,en,synthetic,5
"I cannot work properly because of anxious all the time, for the past 24 months.",S030,anxiety,moderate,Low,en,synthetic,4
I cannot work properly because of moderate pain in my thigh.,S019,leg_pain_sciatica,moderate,Moderate,en,synthetic,7
told it is just period pain.,S038,previous_misdiagnosis,critical,High,en-KE,synthetic,6
"miss school from period pain, for 3 months now.",S036,work_school_absence,critical,High,en-KE,synthetic,7
Nimekuwa na kuumwa unapokojoa kwa muda mrefu.,S015,dysuria,mild,Low,sw,synthetic,7
I am here because avoid sex because of pain.,S006,dyspareunia_deep,severe,High,en,synthetic,9
Nina uchovu kupita kiasi.,S022,fatigue_chronic,critical,High,sw,synthetic,7
I experience not falling pregnant regularly.,S026,infertility,mild,Moderate,en,synthetic,9
I experience constipation during period regularly.,S011,constipation_cyclical,critical,High,en,synthetic,6
My main problem is severely anaemic.,S023,anaemia,severe,Moderate,en,synthetic,6
I am here because worst pain of my life.,S001,dysmenorrhoea,critical,Critical,en,synthetic,10
I experience pain during sex regularly.,S006,dyspareunia_deep,severe,High,en,synthetic,9
I have had have to stop sometimes since I was a teenager.,S006,dyspareunia_deep,moderate,Moderate,en,synthetic,9
I have been dealing with occasional chest tightness with period for a while now.,S032,catamenial_pneumothorax,mild,Moderate,en,synthetic,9
I am here because blood in sputum during period.,S033,catamenial_haemoptysis,severe,High,en,synthetic,8
I came to the clinic because of IVF recommended.,S026,infertility,severe,High,en,synthetic,9
Nilikuja hospitalini kwa sababu ya uchovu kupita kiasi.,S022,fatigue_chronic,moderate,Moderate,sw,synthetic,7
I am here because blood in sputum during period.,S033,catamenial_haemoptysis,critical,High,en,synthetic,8
The problem I have is that period comes at very different times.,S027,irregular_periods,moderate,Low,en,synthetic,5
"I told the doctor that pain even when I am not on my period, for over 12 months.",S002,chronic_pelvic_pain,mild,Moderate,en-KE,synthetic,10
"Doctor, I have slight burning at start and I do not know what to do.",S007,dyspareunia_superficial,mild,Low,en,synthetic,6
Nimekuwa nikilalamika kuhusu kuzimia kutokana na maumivu.,S025,fainting_syncope,critical,High,sw,synthetic,8
"Doctor, I have severe sleep problems and I do not know what to do.",S031,sleep_disturbance,severe,Moderate,en,synthetic,4
Nimekuwa na kujamiiana kunauma kwa muda mrefu.,S006,dyspareunia_deep,severe,High,sw,synthetic,9
"Doctor, I have tired all the time and I do not know what to do.",S022,fatigue_chronic,critical,High,en,synthetic,7
Nimekuwa na maumivu wakati wa kujamiiana kwa muda mrefu.,S006,dyspareunia_deep,severe,High,sw,synthetic,9
Nimekuwa na sijapata mimba ingawa ninajaribu kwa muda mrefu.,S026,infertility,mild,Moderate,sw,synthetic,9
severe pain every time I urinate during period.,S015,dysuria,severe,Moderate,en,synthetic,7
I am struggling with hip pain every period.,S021,hip_groin_pain,moderate,Moderate,en,synthetic,6
I told the doctor that miss school from period pain.,S036,work_school_absence,mild,Low,en-KE,synthetic,7
I want you to know that blood in sputum during period.,S033,catamenial_haemoptysis,critical,High,en,synthetic,8
I am here because inner thigh pain during period.,S021,hip_groin_pain,moderate,Moderate,en,synthetic,6
My experience is that told it is all in my head.,S038,previous_misdiagnosis,critical,High,en,synthetic,6
"The problem I have is that miss 2-3 days every period, for 36 months now.",S036,work_school_absence,moderate,Moderate,en,synthetic,7
I want you to know that miss school from period pain.,S036,work_school_absence,severe,Moderate,en-KE,synthetic,7
I have had regular sex has become impossible since I was a teenager.,S006,dyspareunia_deep,moderate,Moderate,en,synthetic,9
I came to the clinic because of significant endo belly.,S014,bloating_abdominal,moderate,Low,en,synthetic,5
I told the doctor that emergency pad changes every 30 minutes.,S005,heavy_menstrual_bleeding,critical,High,en,synthetic,7
I experience pain has isolated me regularly.,S037,relationship_social_impact,mild,Low,en,synthetic,5
"I want you to know that pain in my lower belly, for over 2 months.",S002,chronic_pelvic_pain,severe,High,en-KE,synthetic,10
The problem I have is that I avoid sex because it hurts.,S006,dyspareunia_deep,severe,High,en-KE,synthetic,9
I came to the clinic because of slight burning at start.,S007,dyspareunia_superficial,mild,Low,en,synthetic,6
My main problem is extreme nothing brings me joy.,S029,depression,critical,High,en,synthetic,5
"I cannot work properly because of severe painful periods, for about 2 months.",S001,dysmenorrhoea,severe,High,en,synthetic,10
I need help with pain passing urine.,S015,dysuria,moderate,Moderate,en-KE,synthetic,7
I have been dealing with period makes me vomit for a while now.,S013,nausea_vomiting_cyclical,mild,Low,en,synthetic,6
My main problem is serious miss school during period.,S036,work_school_absence,severe,Moderate,en,synthetic,7
I came to the clinic because of soaking through pads.,S005,heavy_menstrual_bleeding,moderate,Moderate,en,synthetic,7
I am here because caesarean scar hurts during period.,S035,scar_endometriosis,critical,High,en,synthetic,7
I told the doctor that pain when going to toilet for urine.,S015,dysuria,critical,High,en,synthetic,7
My main problem is diarrhoea every period.,S012,diarrhoea_cyclical,moderate,Low,en,synthetic,5
Every month I suffer from no one believed me.,S038,previous_misdiagnosis,moderate,Moderate,en-KE,synthetic,6
I want you to know that emergency from fever during period.,S024,fever_cyclical,critical,High,en,synthetic,5
I want you to know that throw up from period pain.,S013,nausea_vomiting_cyclical,moderate,Moderate,en,synthetic,6
Sijui nifanye nini kuhusu dawa hazisaidii maumivu yangu.,S038,previous_misdiagnosis,severe,Moderate,sw,synthetic,6
Since I was young I have had stomach swells up.,S014,bloating_abdominal,severe,Moderate,en-KE,synthetic,5
My main problem is serious pain before my period.,S003,premenstrual_pain,severe,Moderate,en,synthetic,7
"Doctor, I have serious anaemia and I do not know what to do.",S023,anaemia,severe,Moderate,en,synthetic,6
"I told the doctor that miss 2-3 days every period, for the past 36 months.",S036,work_school_absence,moderate,Moderate,en,synthetic,7
I need help with stomach swells up.,S014,bloating_abdominal,critical,High,en-KE,synthetic,5
I came to the clinic because of ovarian cyst.,S028,pelvic_mass_sensation,severe,Moderate,en,synthetic,7
Sijui nifanye nini kuhusu dawa hazisaidii maumivu yangu.,S038,previous_misdiagnosis,critical,High,sw,synthetic,6
I have been dealing with hospitalised for bloating for a while now.,S014,bloating_abdominal,critical,High,en,synthetic,5
Tatizo langu kuu ni kuzimia kutokana na maumivu.,S025,fainting_syncope,critical,High,sw,synthetic,8
I want you to know that pain in my lower back.,S018,lower_back_pain,mild,Low,en,synthetic,7
I want you to know that CS scar painful during period.,S035,scar_endometriosis,mild,Low,en-KE,synthetic,7
"Doctor, I have intense endo belly and I do not know what to do.",S014,bloating_abdominal,severe,Moderate,en,synthetic,5
The problem I have is that blood when not on period.,S004,intermenstrual_bleeding,critical,High,en-KE,synthetic,6
I cannot work properly because of light spotting sometimes.,S004,intermenstrual_bleeding,mild,Low,en,synthetic,6
I am here because my period has no pattern.,S027,irregular_periods,moderate,Low,en,synthetic,5
The problem I have is that told I have a cyst.,S028,pelvic_mass_sensation,mild,Low,en-KE,synthetic,7
Nina maumivu ya hedhi.,S001,dysmenorrhoea,severe,High,sw,synthetic,10
"Doctor, I have feel feverish during period and I do not know what to do.",S024,fever_cyclical,moderate,Low,en,synthetic,5
"My experience is that I cannot function during my period, since I was 16 years old.",S001,dysmenorrhoea,severe,High,en-KE,synthetic,10
I have had excruciating shoulder pain during period since I was a teenager.,S020,shoulder_tip_pain,critical,High,en,synthetic,6
Since I was young I have had changing pad every hour.,S005,heavy_menstrual_bleeding,mild,Low,en-KE,synthetic,7
I want you to know that feel like I always need to pee.,S017,urinary_frequency,critical,High,en,synthetic,5
Since I was young I have had stomach upset with period.,S012,diarrhoea_cyclical,moderate,Low,en-KE,synthetic,5
Nina maumivu ya nyonga.,S002,chronic_pelvic_pain,moderate,High,sw,synthetic,10
I came to the clinic because of coughing blood during period.,S033,catamenial_haemoptysis,mild,Moderate,en,synthetic,8
I experience severe pain in my thigh regularly.,S019,leg_pain_sciatica,severe,Moderate,en,synthetic,7
"miss school from period pain, for over 3 months.",S036,work_school_absence,severe,Moderate,en-KE,synthetic,7
Every month I suffer from low blood.,S023,anaemia,critical,High,en-KE,synthetic,6
My experience is that belly button painful and swollen during period.,S034,umbilical_pain_bleeding,moderate,Moderate,en,synthetic,8
My experience is that my period has no pattern.,S027,irregular_periods,moderate,Low,en,synthetic,5
I am struggling with blood after intercourse.,S008,post_coital_bleeding,moderate,Low,en,synthetic,5
I told the doctor that feel slightly sick during period.,S013,nausea_vomiting_cyclical,mild,Low,en,synthetic,6
I want you to know that right shoulder pain during period.,S020,shoulder_tip_pain,moderate,Moderate,en,synthetic,6
"pain even when I am not on my period, for over 24 months.",S002,chronic_pelvic_pain,critical,Critical,en-KE,synthetic,10
My experience is that blood when not on period.,S004,intermenstrual_bleeding,critical,High,en-KE,synthetic,6
I am here because blood when I go to the toilet during my period.,S010,rectal_bleeding,moderate,Moderate,en,synthetic,8
I am struggling with chest tight during period.,S032,catamenial_pneumothorax,mild,Moderate,en,synthetic,9
I have anxious all the time.,S030,anxiety,severe,Moderate,en,synthetic,4
Nimekuwa na maumivu ya hedhi kwa muda mrefu.,S001,dysmenorrhoea,mild,Moderate,sw,synthetic,10
I have been dealing with excruciating temperature during period for a while now.,S024,fever_cyclical,critical,High,en,synthetic,5
I want you to know that my period makes me stay in bed.,S001,dysmenorrhoea,critical,Critical,en-KE,synthetic,10
I cannot work properly because of noticeable cannot socialise during period.,S037,relationship_social_impact,moderate,Low,en,synthetic,5
I have had unbearable loose stools during period since I was a teenager.,S012,diarrhoea_cyclical,critical,High,en,synthetic,5
My experience is that my back is in agony during my period.,S018,lower_back_pain,moderate,Moderate,en-KE,synthetic,7
"I came to the clinic because of moderate always tired, for 3 years.",S022,fatigue_chronic,moderate,Moderate,en,synthetic,7
My main problem is leg weakness during period.,S019,leg_pain_sciatica,moderate,Moderate,en,synthetic,7
I experience loose stools during period regularly.,S012,diarrhoea_cyclical,critical,High,en,synthetic,5
I came to the clinic because of intense burning when I pee.,S015,dysuria,severe,Moderate,en,synthetic,7
My main problem is slightly low blood count.,S023,anaemia,mild,Low,en,synthetic,6
I experience any touch is painful regularly.,S007,dyspareunia_superficial,critical,High,en,synthetic,6
"My main problem is moderate panicking, for the past 36 months.",S030,anxiety,moderate,Low,en,synthetic,4
I need help with low blood.,S023,anaemia,severe,Moderate,en-KE,synthetic,6
I want you to know that caesarean scar hurts during period.,S035,scar_endometriosis,mild,Low,en,synthetic,7
I told the doctor that cannot leave toilet during period.,S012,diarrhoea_cyclical,severe,Moderate,en,synthetic,5
My experience is that seen a doctor about fertility.,S026,infertility,moderate,Moderate,en,synthetic,9
I am here because my period is too much.,S005,heavy_menstrual_bleeding,critical,High,en-KE,synthetic,7
I am here because pain when going to the toilet.,S009,dyschezia,moderate,Moderate,en-KE,synthetic,9
I have had vaginal pain during sex since I was a teenager.,S007,dyspareunia_superficial,severe,Moderate,en,synthetic,6
I have been dealing with severe told I am exaggerating for a while now.,S038,previous_misdiagnosis,severe,Moderate,en,synthetic,6
"Tatizo langu kuu ni maumivu ya nyonga, for over 24 months.",S002,chronic_pelvic_pain,mild,Moderate,sw,synthetic,10
I have been dealing with occasional painful periods for a while now.,S001,dysmenorrhoea,mild,Moderate,en,synthetic,10
Every month I suffer from running stomach during period.,S012,diarrhoea_cyclical,severe,Moderate,en-KE,synthetic,5
trying for a baby without success.,S026,infertility,mild,Moderate,en,synthetic,9
I have pain passing urine and it is really affecting me.,S015,dysuria,severe,Moderate,en-KE,synthetic,7
Nilikuja hospitalini kwa sababu ya uchovu kupita kiasi.,S022,fatigue_chronic,critical,High,sw,synthetic,7
I have had chest tight during period since I was a teenager.,S032,catamenial_pneumothorax,mild,Moderate,en,synthetic,9
I have slightly feverish during period.,S024,fever_cyclical,mild,Low,en,synthetic,5
I want you to know that my back is in agony during my period.,S018,lower_back_pain,severe,Moderate,en-KE,synthetic,7
I am here because CS scar painful during period.,S035,scar_endometriosis,critical,High,en-KE,synthetic,7
The problem I have is that CS scar painful during period.,S035,scar_endometriosis,moderate,Moderate,en-KE,synthetic,7
My experience is that hospital for coughing blood during period.,S033,catamenial_haemoptysis,severe,High,en,synthetic,8
I cannot work properly because of slight loose stools during period.,S012,diarrhoea_cyclical,mild,Low,en,synthetic,5
I told the doctor that I lose days every month.,S036,work_school_absence,mild,Low,en,synthetic,7
I have had regular faint from low blood since I was a teenager.,S023,anaemia,moderate,Moderate,en,synthetic,6
The problem I have is that it hurts to poop especially during my period.,S009,dyschezia,mild,Moderate,en,synthetic,9
My main problem is regular blacking out from pain.,S025,fainting_syncope,moderate,Moderate,en,synthetic,8
I told the doctor that pain wakes me up regularly.,S031,sleep_disturbance,moderate,Low,en,synthetic,4
I experience occasional spotting regularly.,S004,intermenstrual_bleeding,mild,Low,en,synthetic,6
The problem I have is that my back is in agony during my period.,S018,lower_back_pain,critical,High,en-KE,synthetic,7
I have had some collapsing from pain since I was a teenager.,S025,fainting_syncope,mild,Moderate,en,synthetic,8
I want you to know that go to hospital for bowel pain.,S009,dyschezia,critical,Critical,en,synthetic,9
The problem I have is that CS scar painful during period.,S035,scar_endometriosis,severe,Moderate,en-KE,synthetic,7
I cannot work properly because of occasional tumbo la chini linauma.,S002,chronic_pelvic_pain,mild,Moderate,en,synthetic,10
Nina kuumwa unapokojoa.,S015,dysuria,mild,Low,sw,synthetic,7
I want you to know that belly button bleeds during period.,S034,umbilical_pain_bleeding,moderate,Moderate,en,synthetic,8
I avoid sex because it hurts.,S006,dyspareunia_deep,mild,Moderate,en-KE,synthetic,9
Nilikuja hospitalini kwa sababu ya damu kidogo mwilini.,S023,anaemia,moderate,Moderate,sw,synthetic,6
period varies a few days.,S027,irregular_periods,mild,Low,en,synthetic,5
I experience blood after intercourse regularly.,S008,post_coital_bleeding,critical,High,en,synthetic,5
I am struggling with passing out during period.,S025,fainting_syncope,critical,High,en,synthetic,8
I want you to know that kuhisi kichefuchefu wakati wa hedhi.,S013,nausea_vomiting_cyclical,critical,High,sw,synthetic,6
I am here because pain urinating most days during period.,S015,dysuria,moderate,Moderate,en,synthetic,7
I have been dealing with pain when passing urine for a while now.,S015,dysuria,critical,High,en,synthetic,7
"My experience is that miss school from period pain, for about 2 months.",S036,work_school_absence,moderate,Moderate,en-KE,synthetic,7
I experience changing pad every hour regularly.,S005,heavy_menstrual_bleeding,critical,High,en,synthetic,7
I came to the clinic because of hip pain.,S021,hip_groin_pain,moderate,Moderate,en,synthetic,6
I need help with pain passing urine.,S015,dysuria,critical,High,en-KE,synthetic,7
my period is too much.,S005,heavy_menstrual_bleeding,moderate,Moderate,en-KE,synthetic,7
I have had severe pain has isolated me since I was a teenager.,S037,relationship_social_impact,severe,Moderate,en,synthetic,5
I cannot work properly because of very bad scar painful cyclically.,S035,scar_endometriosis,severe,Moderate,en,synthetic,7
I have cannot work properly.,S002,chronic_pelvic_pain,severe,High,en,synthetic,10
The problem I have is that blood when not on period.,S004,intermenstrual_bleeding,moderate,Moderate,en-KE,synthetic,6
Nimekuwa nikilalamika kuhusu mgongo unaniuma.,S018,lower_back_pain,moderate,Moderate,sw,synthetic,7
I told the doctor that hospital for vomiting during period.,S013,nausea_vomiting_cyclical,critical,High,en,synthetic,6
I experience excruciating pain in my thigh regularly.,S019,leg_pain_sciatica,critical,High,en,synthetic,7
I experience temperature during period regularly.,S024,fever_cyclical,moderate,Low,en,synthetic,5
I told the doctor that pain in my whole leg.,S019,leg_pain_sciatica,severe,Moderate,en,synthetic,7
I have anaemia.,S023,anaemia,moderate,Moderate,en,synthetic,6
Nina maumivu ya hedhi.,S001,dysmenorrhoea,mild,Moderate,sw,synthetic,10
My experience is that CS scar painful during period.,S035,scar_endometriosis,mild,Low,en-KE,synthetic,7
The problem I have is that heavy rectal bleeding every period.,S010,rectal_bleeding,severe,High,en,synthetic,8
Nina kujamiiana kunauma.,S006,dyspareunia_deep,severe,High,sw,synthetic,9
I am here because trying for a baby without success.,S026,infertility,severe,High,en-KE,synthetic,9
I told the doctor that told I have a cyst.,S028,pelvic_mass_sensation,severe,Moderate,en-KE,synthetic,7
Nimekuwa nikilalamika kuhusu kuumwa unapokwenda chooni.,S009,dyschezia,critical,Critical,sw,synthetic,9
I have been dealing with high fever during period for a while now.,S024,fever_cyclical,severe,Moderate,en,synthetic,5
I have been dealing with chronic fatigue for a while now.,S022,fatigue_chronic,critical,High,en,synthetic,7
"I am struggling with noticeable constant worry, for 6 years.",S030,anxiety,moderate,Low,en,synthetic,4
I experience damu nyingi sana regularly.,S005,heavy_menstrual_bleeding,severe,Moderate,en,synthetic,7
I am here because hospital for vomiting during period.,S013,nausea_vomiting_cyclical,critical,High,en,synthetic,6
I want you to know that my back is in agony during my period.,S018,lower_back_pain,mild,Low,en-KE,synthetic,7
trying for a baby without success.,S026,infertility,severe,High,en-KE,synthetic,9
I have had menorrhagia since I was a teenager.,S005,heavy_menstrual_bleeding,moderate,Moderate,en,synthetic,7
I told the doctor that CS scar painful during period.,S035,scar_endometriosis,critical,High,en-KE,synthetic,7
"pain even when I am not on my period, for over 2 months.",S002,chronic_pelvic_pain,moderate,High,en-KE,synthetic,10
For the past few months I have had cannot tolerate entry.,S007,dyspareunia_superficial,severe,Moderate,en,synthetic,6
I experience not pregnant yet regularly.,S026,infertility,mild,Moderate,en,synthetic,9
I experience cannot conceive regularly.,S026,infertility,critical,Critical,en,synthetic,9
Since I was young I have had pain passing urine.,S015,dysuria,mild,Low,en-KE,synthetic,7
I cannot work properly because of low haemoglobin.,S023,anaemia,moderate,Moderate,en,synthetic,6
I want you to know that blood when not on period.,S004,intermenstrual_bleeding,mild,Low,en-KE,synthetic,6
Nimekuwa na maumivu ya nyonga kwa muda mrefu.,S002,chronic_pelvic_pain,mild,Moderate,sw,synthetic,10
My main problem is regular spotting between periods.,S004,intermenstrual_bleeding,moderate,Moderate,en,synthetic,6
For the past few months I have had very bad depression.,S029,depression,severe,Moderate,en,synthetic,5
"The problem I have is that I cannot function during my period, for 3 years.",S001,dysmenorrhoea,critical,Critical,en-KE,synthetic,10
I cannot work properly because of blacking out from pain.,S025,fainting_syncope,critical,High,en,synthetic,8
My experience is that I avoid sex because it hurts.,S006,dyspareunia_deep,mild,Moderate,en,synthetic,9
My main problem is shoulder aches during period.,S020,shoulder_tip_pain,mild,Low,en,synthetic,6
My main problem is occasional anaemia.,S023,anaemia,mild,Low,en,synthetic,6
"Doctor, I have emergency after sex bleeding and I do not know what to do.",S008,post_coital_bleeding,critical,High,en,synthetic,5
I have come to see the doctor because of stomach upset with period.,S012,diarrhoea_cyclical,severe,Moderate,en-KE,synthetic,5
The problem I have is that my period has no pattern.,S027,irregular_periods,critical,High,en,synthetic,5
I want you to know that my period affects my job.,S036,work_school_absence,mild,Low,en,synthetic,7
I am here because feeling of fullness in pelvis.,S028,pelvic_mass_sensation,critical,High,en,synthetic,7
I experience mild my abdomen swells regularly.,S014,bloating_abdominal,mild,Low,en,synthetic,5
I want you to know that trying for a baby without success.,S026,infertility,moderate,Moderate,en-KE,synthetic,9
I want you to know that pain at the entrance during sex.,S007,dyspareunia_superficial,critical,High,en,synthetic,6
My experience is that my period has no pattern.,S027,irregular_periods,critical,High,en,synthetic,5
I am here because need to pee all the time.,S017,urinary_frequency,critical,High,en,synthetic,5
My main problem is infertility.,S026,infertility,mild,Moderate,en,synthetic,9
Nimekuwa na kuzimia kutokana na maumivu kwa muda mrefu.,S025,fainting_syncope,critical,High,sw,synthetic,8
Tatizo langu kuu ni kuzimia kutokana na maumivu.,S025,fainting_syncope,moderate,Moderate,sw,synthetic,8
I have had serious problems getting pregnant since I was a teenager.,S026,infertility,severe,High,en,synthetic,9
Nilikuja hospitalini kwa sababu ya nimechoka sana kila wakati.,S022,fatigue_chronic,moderate,Moderate,sw,synthetic,7
I am here because my back is in agony during my period.,S018,lower_back_pain,severe,Moderate,en-KE,synthetic,7
blood when not on period.,S004,intermenstrual_bleeding,critical,High,en-KE,synthetic,6
I cannot work properly because of serious passing out during period.,S025,fainting_syncope,severe,High,en,synthetic,8
My experience is that miss school from period pain.,S036,work_school_absence,critical,High,en-KE,synthetic,7
belly button uncomfortable during period.,S034,umbilical_pain_bleeding,mild,Moderate,en,synthetic,8
Tatizo langu kuu ni kuumwa unapokojoa.,S015,dysuria,moderate,Moderate,sw,synthetic,7
I cannot work properly because of tingling in leg.,S019,leg_pain_sciatica,mild,Low,en,synthetic,7
I am struggling with collapsing from pain.,S025,fainting_syncope,critical,High,en,synthetic,8
I have had cannot tolerate penetration since I was a teenager.,S007,dyspareunia_superficial,mild,Low,en,synthetic,6
cough up blood with period.,S033,catamenial_haemoptysis,severe,High,en,synthetic,8
hot and sweaty during period.,S024,fever_cyclical,moderate,Low,en,synthetic,5
I am here because lump in scar that hurts during period.,S035,scar_endometriosis,critical,High,en,synthetic,7
Nimekuwa nikilalamika kuhusu maumivu wakati wa kujamiiana.,S006,dyspareunia_deep,moderate,Moderate,sw,synthetic,9
"I have had unbearable cramps during period since I was a teenager, for the past 36 months.",S001,dysmenorrhoea,critical,Critical,en,synthetic,10
I have groin pain.,S021,hip_groin_pain,critical,High,en,synthetic,6
My experience is that kuhisi kichefuchefu wakati wa hedhi.,S013,nausea_vomiting_cyclical,moderate,Moderate,sw,synthetic,6
Nina kujamiiana kunauma.,S006,dyspareunia_deep,mild,Moderate,sw,synthetic,9
I am struggling with feeling depressed.,S029,depression,critical,High,en,synthetic,5
My experience is that pain in my lower back.,S018,lower_back_pain,critical,High,en,synthetic,7
I am struggling with breathing problems during period.,S032,catamenial_pneumothorax,severe,High,en,synthetic,9
I have pain passing urine and it is really affecting me.,S015,dysuria,mild,Low,en-KE,synthetic,7
"I experience pain has isolated me regularly, for about 6 months.",S037,relationship_social_impact,moderate,Low,en,synthetic,5
Nimekuwa na maumivu ya hedhi kwa muda mrefu.,S001,dysmenorrhoea,severe,High,sw,synthetic,10
I have been dealing with cannot eat properly for a while now.,S013,nausea_vomiting_cyclical,moderate,Moderate,en,synthetic,6
I want you to know that I bleed even when it is not my time.,S004,intermenstrual_bleeding,mild,Low,en,synthetic,6
"I have been dealing with feeling hopeless for a while now, for about 36 months.",S029,depression,mild,Low,en,synthetic,5
Nimekuwa nikilalamika kuhusu mgongo unaniuma.,S018,lower_back_pain,critical,High,sw,synthetic,7
"Doctor, I have moderate pain in groin area and I do not know what to do.",S021,hip_groin_pain,moderate,Moderate,en,synthetic,6
"Doctor, I have lumbosacral pain and I do not know what to do.",S018,lower_back_pain,moderate,Moderate,en,synthetic,7
Nimekuwa na mgongo unaniuma kwa muda mrefu.,S018,lower_back_pain,moderate,Moderate,sw,synthetic,7
Nimekuwa na dawa hazisaidii maumivu yangu kwa muda mrefu.,S038,previous_misdiagnosis,moderate,Moderate,sw,synthetic,6
I want you to know that told I have a cyst.,S028,pelvic_mass_sensation,moderate,Moderate,en,synthetic,7
I came to the clinic because of feeling hopeless.,S029,depression,mild,Low,en,synthetic,5
I have been dealing with bleeding constantly for a while now.,S027,irregular_periods,critical,High,en,synthetic,5
I have had tired all the time since I was a teenager.,S022,fatigue_chronic,mild,Low,en,synthetic,7
I am here because pain at top of shoulder during menstruation.,S020,shoulder_tip_pain,severe,Moderate,en,synthetic,6
I cannot work properly because of very bad passing out during period.,S025,fainting_syncope,severe,High,en,synthetic,8
Every month I suffer from stomach swells up.,S014,bloating_abdominal,mild,Low,en-KE,synthetic,5
I am here because hospital for coughing blood during period.,S033,catamenial_haemoptysis,severe,High,en,synthetic,8
Nilikuja hospitalini kwa sababu ya damu nyingi sana.,S005,heavy_menstrual_bleeding,critical,High,sw,synthetic,7
Since I was young I have had stomach upset with period.,S012,diarrhoea_cyclical,mild,Low,en-KE,synthetic,5
My main problem is losing consciousness during period.,S025,fainting_syncope,critical,High,en,synthetic,8
I told the doctor that cannot go to toilet when on period.,S011,constipation_cyclical,mild,Low,en,synthetic,6
The problem I have is that back aches a bit during period.,S018,lower_back_pain,mild,Low,en,synthetic,7
Nimekuwa nikilalamika kuhusu mgongo unaniuma.,S018,lower_back_pain,severe,Moderate,sw,synthetic,7
"Nilikuja hospitalini kwa sababu ya uchovu kupita kiasi, for over 24 months.",S022,fatigue_chronic,critical,High,sw,synthetic,7
I am here because my period is too much.,S005,heavy_menstrual_bleeding,mild,Low,en-KE,synthetic,7
Since I was young I have had changing pad every hour.,S005,heavy_menstrual_bleeding,critical,High,en-KE,synthetic,7
"Doctor, I have unbearable stomach swells up and I do not know what to do.",S014,bloating_abdominal,critical,High,en,synthetic,5
I have come to see the doctor because of changing pad every hour.,S005,heavy_menstrual_bleeding,critical,High,en-KE,synthetic,7
I want you to know that inner thigh pain during period.,S021,hip_groin_pain,critical,High,en,synthetic,6
I told the doctor that pain in bladder when urinating.,S015,dysuria,moderate,Moderate,en,synthetic,7
My main problem is extreme misdiagnosed.,S038,previous_misdiagnosis,critical,High,en,synthetic,6
I cannot work properly because of some cannot go to work.,S036,work_school_absence,mild,Low,en,synthetic,7
I told the doctor that I cannot move during my period.,S001,dysmenorrhoea,severe,High,en,synthetic,10
Sijui nifanye nini kuhusu kuumwa unapokojoa.,S015,dysuria,moderate,Moderate,sw,synthetic,7
My experience is that trying for a baby without success.,S026,infertility,mild,Moderate,en,synthetic,9
I told the doctor that doctors keep sending me away.,S038,previous_misdiagnosis,severe,Moderate,en-KE,synthetic,6
Sijui nifanye nini kuhusu sijapata mimba ingawa ninajaribu.,S026,infertility,mild,Moderate,sw,synthetic,9
Nilikuja hospitalini kwa sababu ya mgongo unaniuma.,S018,lower_back_pain,severe,Moderate,sw,synthetic,7
I am here because sijawahi pata mtoto ingawa ninajaribu.,S026,infertility,critical,Critical,sw,synthetic,9
big lump in scar needing operation.,S035,scar_endometriosis,critical,High,en,synthetic,7
I came to the clinic because of it hurts to poop.,S009,dyschezia,critical,Critical,en,synthetic,9
My main problem is severe cannot hold my bladder.,S017,urinary_frequency,severe,Moderate,en,synthetic,5
feel very ill during period.,S024,fever_cyclical,severe,Moderate,en,synthetic,5
I have been dealing with blood in urine for a while now.,S016,haematuria,mild,Moderate,en,synthetic,8
Sijui nifanye nini kuhusu kuzimia kutokana na maumivu.,S025,fainting_syncope,critical,High,sw,synthetic,8
I told the doctor that caesarean scar hurts during period.,S035,scar_endometriosis,severe,Moderate,en,synthetic,7
I came to the clinic because of hip aches sometimes.,S021,hip_groin_pain,mild,Low,en,synthetic,6
pain when going to the toilet.,S009,dyschezia,mild,Moderate,en-KE,synthetic,9
The problem I have is that I lose days every month.,S036,work_school_absence,severe,Moderate,en,synthetic,7
I want you to know that mgongo unaniuma wakati wa hedhi.,S018,lower_back_pain,mild,Low,en,synthetic,7
Nimekuwa na maumivu ya nyonga kwa muda mrefu.,S002,chronic_pelvic_pain,critical,Critical,sw,synthetic,10
I experience bloating every day regularly.,S014,bloating_abdominal,severe,Moderate,en,synthetic,5
I am here because sometimes cannot sleep during period.,S031,sleep_disturbance,mild,Low,en,synthetic,4
I am struggling with sciatic pain with period.,S019,leg_pain_sciatica,severe,Moderate,en,synthetic,7
I have been dealing with shoulder pain during period for a while now.,S020,shoulder_tip_pain,moderate,Moderate,en,synthetic,6
I have been dealing with feel sick during period for a while now.,S013,nausea_vomiting_cyclical,mild,Low,en,synthetic,6
"My experience is that miss school from period pain, for 12 years.",S036,work_school_absence,critical,High,en-KE,synthetic,7
I am here because chronic pain in my pelvis.,S002,chronic_pelvic_pain,mild,Moderate,en,synthetic,10
I am here because urine looks red during period.,S016,haematuria,mild,Moderate,en,synthetic,8
Nimekuwa na maumivu wakati wa kujamiiana kwa muda mrefu.,S006,dyspareunia_deep,moderate,Moderate,sw,synthetic,9
Tatizo langu kuu ni kuumwa unapokwenda chooni.,S009,dyschezia,severe,High,sw,synthetic,9
Tatizo langu kuu ni maumivu ya nyonga.,S002,chronic_pelvic_pain,moderate,High,sw,synthetic,10
blood in urine during period.,S015,dysuria,critical,High,en,synthetic,7
The problem I have is that blood in my poop during period.,S010,rectal_bleeding,mild,Moderate,en,synthetic,8
I cannot work properly because of belly distension.,S014,bloating_abdominal,moderate,Low,en,synthetic,5
The problem I have is that cycle is all over the place.,S027,irregular_periods,moderate,Low,en,synthetic,5
My main problem is my abdomen swells.,S014,bloating_abdominal,critical,High,en,synthetic,5
I am here because belly button bleeds during period.,S034,umbilical_pain_bleeding,critical,High,en,synthetic,8
I am struggling with worried about my condition.,S030,anxiety,mild,Low,en,synthetic,4
My experience is that slight pain when urinating on period.,S015,dysuria,mild,Low,en,synthetic,7
The problem I have is that severe pain every time I urinate during period.,S015,dysuria,severe,Moderate,en,synthetic,7
I want you to know that pain builds up before period.,S003,premenstrual_pain,moderate,Moderate,en,synthetic,7
Nina mgongo unaniuma.,S018,lower_back_pain,moderate,Moderate,sw,synthetic,7
I have excruciating bloody urine.,S016,haematuria,critical,High,en,synthetic,8
I experience painful periods regularly.,S001,dysmenorrhoea,mild,Moderate,en,synthetic,10
I told the doctor that pain starts days before period.,S003,premenstrual_pain,severe,Moderate,en,synthetic,7
Nimekuwa nikilalamika kuhusu kujamiiana kunauma.,S006,dyspareunia_deep,mild,Moderate,sw,synthetic,9
The problem I have is that painful lump at belly button.,S034,umbilical_pain_bleeding,critical,High,en,synthetic,8
Tatizo langu kuu ni damu nyingi sana.,S005,heavy_menstrual_bleeding,mild,Low,sw,synthetic,7
My main problem is more tired during period.,S022,fatigue_chronic,mild,Low,en,synthetic,7
The problem I have is that pain in my lower belly.,S002,chronic_pelvic_pain,severe,High,en-KE,synthetic,10
"I told the doctor that cannot work because I am so tired, since I was 17 years old.",S022,fatigue_chronic,severe,Moderate,en,synthetic,7
I cannot work properly because of spotting after sex.,S008,post_coital_bleeding,critical,High,en,synthetic,5
Tatizo langu kuu ni damu kidogo mwilini.,S023,anaemia,critical,High,sw,synthetic,6
I cannot work properly because of extreme hip pain.,S021,hip_groin_pain,critical,High,en,synthetic,6
I am struggling with have fainted during period.,S025,fainting_syncope,severe,High,en,synthetic,8
The problem I have is that told it is just period pain.,S038,previous_misdiagnosis,severe,Moderate,en-KE,synthetic,6
I cannot work properly because of cannot breathe during period.,S032,catamenial_pneumothorax,mild,Moderate,en,synthetic,9
I have had chronic pelvic pain since I was a teenager.,S002,chronic_pelvic_pain,severe,High,en,synthetic,10
The problem I have is that admitted to hospital for diarrhoea during period.,S012,diarrhoea_cyclical,critical,High,en,synthetic,5
I have unpredictable periods.,S027,irregular_periods,mild,Low,en,synthetic,5
I want you to know that total social withdrawal from anxiety.,S030,anxiety,critical,Moderate,en,synthetic,4
Nina sijapata mimba ingawa ninajaribu.,S026,infertility,critical,Critical,sw,synthetic,9
The problem I have is that blood when not on period.,S004,intermenstrual_bleeding,mild,Low,en-KE,synthetic,6
I am here because blood when not on period.,S004,intermenstrual_bleeding,critical,High,en-KE,synthetic,6
I have had sex always hurts since I was a teenager.,S006,dyspareunia_deep,severe,High,en,synthetic,9
I have been dealing with painful every time for a while now.,S007,dyspareunia_superficial,severe,Moderate,en,synthetic,6
Sijui nifanye nini kuhusu damu kidogo mwilini.,S023,anaemia,critical,High,sw,synthetic,6
The problem I have is that kuhisi kichefuchefu wakati wa hedhi.,S013,nausea_vomiting_cyclical,mild,Low,sw,synthetic,6
I have surgery for lung collapse.,S032,catamenial_pneumothorax,critical,Critical,en,synthetic,9
I have had unbearable lower abdomen pain since I was a teenager.,S002,chronic_pelvic_pain,critical,Critical,en,synthetic,10
Nilikuja hospitalini kwa sababu ya dawa hazisaidii maumivu yangu.,S038,previous_misdiagnosis,moderate,Moderate,sw,synthetic,6
For the past few months I have had regular cannot sleep from pain.,S031,sleep_disturbance,moderate,Low,en,synthetic,4
I have come to see the doctor because of pain passing urine.,S015,dysuria,severe,Moderate,en-KE,synthetic,7
I am struggling with moderate scar swells during period.,S035,scar_endometriosis,moderate,Moderate,en,synthetic,7
I experience anaemia from heavy periods regularly.,S023,anaemia,moderate,Moderate,en,synthetic,6
My experience is that pain in shoulder tip with period.,S020,shoulder_tip_pain,severe,Moderate,en,synthetic,6
I have pain when passing stool.,S009,dyschezia,critical,Critical,en,synthetic,9
I want you to know that pain even when I am not on my period.,S002,chronic_pelvic_pain,mild,Moderate,en-KE,synthetic,10
Nilikuja hospitalini kwa sababu ya dawa hazisaidii maumivu yangu.,S038,previous_misdiagnosis,critical,High,sw,synthetic,6
Nimekuwa nikilalamika kuhusu kuumwa unapokojoa.,S015,dysuria,critical,High,sw,synthetic,7
feeling of heaviness in lower belly.,S028,pelvic_mass_sensation,moderate,Moderate,en,synthetic,7
Nilikuja hospitalini kwa sababu ya kuumwa unapokojoa.,S015,dysuria,critical,High,sw,synthetic,7
I cannot work properly because of significant sleep problems.,S031,sleep_disturbance,moderate,Low,en,synthetic,4
pain for two weeks before period.,S003,premenstrual_pain,critical,High,en,synthetic,7
"I told the doctor that sometimes cannot sleep during period, for 2 years.",S031,sleep_disturbance,mild,Low,en,synthetic,4
I came to the clinic because of anxiety is disabling.,S030,anxiety,severe,Moderate,en,synthetic,4
The problem I have is that back pain is crippling during period.,S018,lower_back_pain,severe,Moderate,en,synthetic,7
I have temperature during period.,S024,fever_cyclical,mild,Low,en,synthetic,5
I told the doctor that slight pink tinge to urine during period.,S016,haematuria,mild,Moderate,en,synthetic,8
Every month I suffer from stomach upset with period.,S012,diarrhoea_cyclical,moderate,Low,en-KE,synthetic,5
I am struggling with slight always in pain.,S002,chronic_pelvic_pain,mild,Moderate,en,synthetic,10
been trying for over a year.,S026,infertility,critical,Critical,en,synthetic,9
I have sex is unbearable.,S006,dyspareunia_deep,critical,Critical,en,synthetic,9
I want you to know that I cannot function during my period.,S001,dysmenorrhoea,severe,High,en-KE,synthetic,10
I want you to know that pain in my lower belly.,S002,chronic_pelvic_pain,critical,Critical,en-KE,synthetic,10
Nilikuja hospitalini kwa sababu ya tumbo la chini linauma.,S002,chronic_pelvic_pain,severe,High,sw,synthetic,10
"Doctor, I have blood after intercourse and I do not know what to do.",S008,post_coital_bleeding,moderate,Low,en,synthetic,5
My main problem is blood in pee.,S016,haematuria,moderate,Moderate,en,synthetic,8
For the past few months I have had anxiety.,S030,anxiety,severe,Moderate,en,synthetic,4
I told the doctor that told it is just period pain.,S038,previous_misdiagnosis,severe,Moderate,en,synthetic,6
The problem I have is that trying for over a year.,S026,infertility,moderate,Moderate,en,synthetic,9
Sijui nifanye nini kuhusu mgongo unaniuma.,S018,lower_back_pain,critical,High,sw,synthetic,7
"Sijui nifanye nini kuhusu tumbo la chini linauma, for over 36 months.",S002,chronic_pelvic_pain,critical,Critical,sw,synthetic,10
I have low iron.,S023,anaemia,severe,Moderate,en,synthetic,6
Since I was young I have had stomach upset with period.,S012,diarrhoea_cyclical,severe,Moderate,en-KE,synthetic,5
I came to the clinic because of sometimes loose during period.,S012,diarrhoea_cyclical,mild,Low,en,synthetic,5
My experience is that legs feel heavy during period.,S019,leg_pain_sciatica,mild,Low,en,synthetic,7
Tatizo langu kuu ni dawa hazisaidii maumivu yangu.,S038,previous_misdiagnosis,moderate,Moderate,sw,synthetic,6
I cannot work properly because of nearly faint during period.,S025,fainting_syncope,moderate,Moderate,en,synthetic,8
I am struggling with severe spotting between periods.,S004,intermenstrual_bleeding,severe,Moderate,en,synthetic,6
Nimekuwa na kuumwa unapokwenda chooni kwa muda mrefu.,S009,dyschezia,mild,Moderate,sw,synthetic,9
"I want you to know that I lose days every month, for the past 24 months.",S036,work_school_absence,critical,High,en,synthetic,7
I experience significant flooding periods regularly.,S005,heavy_menstrual_bleeding,moderate,Moderate,en,synthetic,7
The problem I have is that pee a bit more during period.,S017,urinary_frequency,mild,Low,en,synthetic,5
The problem I have is that cannot breathe well during period.,S032,catamenial_pneumothorax,moderate,Moderate,en,synthetic,9
The problem I have is that blood in urine every period.,S016,haematuria,moderate,Moderate,en,synthetic,8
"Nina nimechoka sana kila wakati, for 2 years.",S022,fatigue_chronic,critical,High,sw,synthetic,7
Tatizo langu kuu ni mgongo unaniuma.,S018,lower_back_pain,moderate,Moderate,sw,synthetic,7
I have been dealing with severe breathing problems during period for a while now.,S032,catamenial_pneumothorax,severe,High,en,synthetic,9
bleed after sex most times.,S008,post_coital_bleeding,moderate,Low,en,synthetic,5
I have cannot hold my bladder.,S017,urinary_frequency,moderate,Low,en,synthetic,5
I am struggling with slightly bloated around period.,S014,bloating_abdominal,mild,Low,en,synthetic,5
I bleed even when it is not my time.,S004,intermenstrual_bleeding,severe,Moderate,en,synthetic,6
I am here because depressed most of the time.,S029,depression,moderate,Low,en,synthetic,5
Sijui nifanye nini kuhusu kuumwa unapokojoa.,S015,dysuria,mild,Low,sw,synthetic,7
I told the doctor that trying for a baby without success.,S026,infertility,severe,High,en-KE,synthetic,9
I cannot work properly because of bleeding constantly.,S027,irregular_periods,critical,High,en,synthetic,5
I have had unbearable shoulder pain during period since I was a teenager.,S020,shoulder_tip_pain,critical,High,en,synthetic,6
I have been dealing with feel faint during period for a while now.,S025,fainting_syncope,mild,Moderate,en,synthetic,8
"Tatizo langu kuu ni hedhi inaniuma, for the past 2 months.",S001,dysmenorrhoea,mild,Moderate,sw,synthetic,10
My main problem is shoulder pain every period.,S020,shoulder_tip_pain,moderate,Moderate,en,synthetic,6
I experience pain in groin area regularly.,S021,hip_groin_pain,mild,Low,en,synthetic,6
My main problem is unbearable cannot hold my bladder.,S017,urinary_frequency,critical,High,en,synthetic,5
Tatizo langu kuu ni damu kidogo mwilini.,S023,anaemia,severe,Moderate,sw,synthetic,6
The problem I have is that blood in sputum during period.,S033,catamenial_haemoptysis,mild,Moderate,en,synthetic,8
The problem I have is that pain at top of shoulder during menstruation.,S020,shoulder_tip_pain,severe,Moderate,en,synthetic,6
I want you to know that pain starts a few days early.,S003,premenstrual_pain,moderate,Moderate,en,synthetic,7
For the past few months I have had foot drop.,S019,leg_pain_sciatica,critical,High,en,synthetic,7
I came to the clinic because of extreme frequent urination.,S017,urinary_frequency,critical,High,en,synthetic,5
I have very bad back ache with period.,S018,lower_back_pain,severe,Moderate,en,synthetic,7
"Nimekuwa na maumivu ya nyonga kwa muda mrefu, for 2 years.",S002,chronic_pelvic_pain,mild,Moderate,sw,synthetic,10
My main problem is unbearable cannot tolerate penetration.,S007,dyspareunia_superficial,critical,High,en,synthetic,6
I have stomach swells up and it is really affecting me.,S014,bloating_abdominal,moderate,Low,en-KE,synthetic,5
Tatizo langu kuu ni dawa hazisaidii maumivu yangu.,S038,previous_misdiagnosis,mild,Low,sw,synthetic,6
I have low blood.,S023,anaemia,mild,Low,en,synthetic,6
"Doctor, I have cannot function and I do not know what to do.",S001,dysmenorrhoea,severe,High,en,synthetic,10
My experience is that lump in belly button requiring surgery.,S034,umbilical_pain_bleeding,critical,High,en,synthetic,8
Nimekuwa nikilalamika kuhusu kuumwa unapokojoa.,S015,dysuria,moderate,Moderate,sw,synthetic,7
I am here because severe pain every time I urinate during period.,S015,dysuria,severe,Moderate,en,synthetic,7
My main problem is running stomach during period.,S012,diarrhoea_cyclical,moderate,Low,en,synthetic,5
The problem I have is that pain when going to the toilet.,S009,dyschezia,critical,Critical,en-KE,synthetic,9
I am here because pain when going to the toilet.,S009,dyschezia,critical,Critical,en-KE,synthetic,9
I am here because blood when not on period.,S004,intermenstrual_bleeding,moderate,Moderate,en-KE,synthetic,6
"Doctor, I have bleeding from back passage and I do not know what to do.",S010,rectal_bleeding,severe,High,en,synthetic,8
I have slightly low blood count.,S023,anaemia,mild,Low,en,synthetic,6
"Doctor, I have periods are not regular and I do not know what to do.",S027,irregular_periods,mild,Low,en,synthetic,5
I have had cannot leave the house since I was a teenager.,S030,anxiety,critical,Moderate,en,synthetic,4
been to many doctors with no answer.,S038,previous_misdiagnosis,severe,Moderate,en,synthetic,6
Every month I suffer from stomach swells up.,S014,bloating_abdominal,severe,Moderate,en-KE,synthetic,5
"I cannot function during my period, for 6 months now.",S001,dysmenorrhoea,severe,High,en-KE,synthetic,10
My main problem is slight pain day before.,S003,premenstrual_pain,mild,Low,en,synthetic,7
I am here because I lose days every month.,S036,work_school_absence,critical,High,en,synthetic,7
I need help with stomach upset with period.,S012,diarrhoea_cyclical,mild,Low,en-KE,synthetic,5
I want you to know that cannot raise arm during period.,S020,shoulder_tip_pain,severe,Moderate,en,synthetic,6
I am struggling with excruciating random bleeding.,S004,intermenstrual_bleeding,critical,High,en,synthetic,6
My experience is that been trying for over a year.,S026,infertility,mild,Moderate,en,synthetic,9
My experience is that my back is in agony during my period.,S018,lower_back_pain,critical,High,en,synthetic,7
"Doctor, I have vaginal pain during sex and I do not know what to do.",S007,dyspareunia_superficial,mild,Low,en,synthetic,6
I have no social life anymore.,S037,relationship_social_impact,severe,Moderate,en,synthetic,5
Nina damu kidogo mwilini.,S023,anaemia,mild,Low,sw,synthetic,6
My experience is that suffering for years with no diagnosis.,S038,previous_misdiagnosis,critical,High,en,synthetic,6
I told the doctor that blood when not on period.,S004,intermenstrual_bleeding,severe,Moderate,en-KE,synthetic,6
"Doctor, I have in bed from exhaustion and I do not know what to do.",S022,fatigue_chronic,severe,Moderate,en,synthetic,7
I cannot work properly because of cancel plans sometimes.,S037,relationship_social_impact,mild,Low,en,synthetic,5
told it is just period pain.,S038,previous_misdiagnosis,mild,Low,en-KE,synthetic,6
pain when going to the toilet.,S009,dyschezia,severe,High,en-KE,synthetic,9
Nilikuja hospitalini kwa sababu ya maumivu wakati wa kujamiiana.,S006,dyspareunia_deep,critical,Critical,sw,synthetic,9
Nimekuwa nikilalamika kuhusu hedhi inaniuma.,S001,dysmenorrhoea,severe,High,sw,synthetic,10
I cannot work properly because of regular coughing blood during period.,S033,catamenial_haemoptysis,moderate,Moderate,en,synthetic,8
kuhisi kichefuchefu wakati wa hedhi.,S013,nausea_vomiting_cyclical,critical,High,sw,synthetic,6
"For the past few months I have had anxiety is disabling, for 6 years.",S030,anxiety,severe,Moderate,en,synthetic,4
"I came to the clinic because of slight low mood, for over 6 months.",S029,depression,mild,Low,en,synthetic,5
"My main problem is cannot socialise during period, since I was 19 years old.",S037,relationship_social_impact,mild,Low,en,synthetic,5
I cannot work properly because of very bad unpredictable periods.,S027,irregular_periods,severe,Moderate,en,synthetic,5
"I came to the clinic because of miss work during period, for the past 24 months.",S036,work_school_absence,critical,High,en,synthetic,7
I told the doctor that told I have a cyst.,S028,pelvic_mass_sensation,moderate,Moderate,en,synthetic,7
"I experience pain between periods regularly, for 3 years.",S002,chronic_pelvic_pain,mild,Moderate,en,synthetic,10
I told the doctor that painful lump at belly button.,S034,umbilical_pain_bleeding,severe,High,en,synthetic,8
I cannot work properly because of infertility.,S026,infertility,severe,High,en,synthetic,9
The problem I have is that take days off for period.,S036,work_school_absence,severe,Moderate,en,synthetic,7
I told the doctor that blood in sputum during period.,S033,catamenial_haemoptysis,critical,High,en,synthetic,8
"Doctor, I have excruciating low mood and I do not know what to do.",S029,depression,critical,High,en,synthetic,5
"Doctor, I have occasional sciatic pain with period and I do not know what to do.",S019,leg_pain_sciatica,mild,Low,en,synthetic,7
I told the doctor that pain when going to the toilet.,S009,dyschezia,mild,Moderate,en-KE,synthetic,9
I have come to see the doctor because of stomach swells up.,S014,bloating_abdominal,mild,Low,en-KE,synthetic,5
I told the doctor that my back is in agony during my period.,S018,lower_back_pain,severe,Moderate,en-KE,synthetic,7
belly button pain during period.,S034,umbilical_pain_bleeding,severe,High,en,synthetic,8
Nina mgongo unaniuma.,S018,lower_back_pain,mild,Low,sw,synthetic,7
"I experience cancel plans sometimes regularly, for over 36 months.",S037,relationship_social_impact,mild,Low,en,synthetic,5
pelvic pain a week before my period.,S003,premenstrual_pain,moderate,Moderate,en,synthetic,7
"I have had constant pelvic pain since I was a teenager, for 12 months now.",S002,chronic_pelvic_pain,moderate,High,en,synthetic,10
I am here because my back is in agony during my period.,S018,lower_back_pain,moderate,Moderate,en-KE,synthetic,7
I told the doctor that use more pads than before.,S005,heavy_menstrual_bleeding,mild,Low,en,synthetic,7
I am here because pain in my lower belly.,S002,chronic_pelvic_pain,severe,High,en-KE,synthetic,10
I experience total exhaustion regularly.,S022,fatigue_chronic,critical,High,en,synthetic,7
I am struggling with extreme sleep problems.,S031,sleep_disturbance,critical,Moderate,en,synthetic,4
Nina hedhi nyingi sana.,S005,heavy_menstrual_bleeding,moderate,Moderate,sw,synthetic,7
I have had unbearable painful urination since I was a teenager.,S015,dysuria,critical,High,en,synthetic,7
I am struggling with IVF recommended.,S026,infertility,severe,High,en,synthetic,9
I need help with stomach swells up.,S014,bloating_abdominal,severe,Moderate,en-KE,synthetic,5
I have hip aches sometimes.,S021,hip_groin_pain,mild,Low,en,synthetic,6
My experience is that I avoid sex because it hurts.,S006,dyspareunia_deep,mild,Moderate,en-KE,synthetic,9
I am here because sometimes bleed a little after sex.,S008,post_coital_bleeding,mild,Low,en,synthetic,5
I want you to know that cannot breathe properly from bloating.,S014,bloating_abdominal,critical,High,en,synthetic,5
My experience is that told I have a cyst.,S028,pelvic_mass_sensation,critical,High,en-KE,synthetic,7
I want you to know that pain when going to the toilet.,S009,dyschezia,mild,Moderate,en-KE,synthetic,9
I want you to know that kuhisi kichefuchefu wakati wa hedhi.,S013,nausea_vomiting_cyclical,moderate,Moderate,sw,synthetic,6
For the past few months I have had extreme constipation during period.,S011,constipation_cyclical,critical,High,en,synthetic,6
I told the doctor that sometimes bleed a little after sex.,S008,post_coital_bleeding,mild,Low,en,synthetic,5
painful lump at belly button.,S034,umbilical_pain_bleeding,moderate,Moderate,en,synthetic,8
The problem I have is that trying for a baby without success.,S026,infertility,moderate,Moderate,en,synthetic,9
I came to the clinic because of unbearable diagnosed with IBS.,S038,previous_misdiagnosis,critical,High,en,synthetic,6
"I told the doctor that I cannot be intimate with my partner, for 24 years.",S037,relationship_social_impact,severe,Moderate,en,synthetic,5
I am here because told I have a cyst.,S028,pelvic_mass_sensation,moderate,Moderate,en-KE,synthetic,7
Tatizo langu kuu ni kuumwa unapokwenda chooni.,S009,dyschezia,critical,Critical,sw,synthetic,9
My main problem is regular miss work during period.,S036,work_school_absence,moderate,Moderate,en,synthetic,7
belly button bleeds during period.,S034,umbilical_pain_bleeding,moderate,Moderate,en,synthetic,8
I have low blood and it is really affecting me.,S023,anaemia,moderate,Moderate,en-KE,synthetic,6
Nilikuja hospitalini kwa sababu ya mgongo unaniuma.,S018,lower_back_pain,mild,Low,sw,synthetic,7
I told the doctor that trying for a baby without success.,S026,infertility,critical,Critical,en-KE,synthetic,9
I experience vaginal pain during sex regularly.,S007,dyspareunia_superficial,critical,High,en,synthetic,6
"Doctor, I have significant miss work during period and I do not know what to do.",S036,work_school_absence,moderate,Moderate,en,synthetic,7
I want you to know that told I have a cyst.,S028,pelvic_mass_sensation,mild,Low,en-KE,synthetic,7
I came to the clinic because of emergency after sex bleeding.,S008,post_coital_bleeding,critical,High,en,synthetic,5
Nina kuumwa unapokojoa.,S015,dysuria,severe,Moderate,sw,synthetic,7
My experience is that sijawahi pata mtoto ingawa ninajaribu.,S026,infertility,moderate,Moderate,sw,synthetic,9
I am here because pain in my lower back.,S018,lower_back_pain,moderate,Moderate,en,synthetic,7
My main problem is unbearable cannot sleep from pain.,S031,sleep_disturbance,critical,Moderate,en,synthetic,4
I have come to see the doctor because of pain passing urine.,S015,dysuria,critical,High,en-KE,synthetic,7
My experience is that miss school from period pain.,S036,work_school_absence,severe,Moderate,en-KE,synthetic,7
My experience is that pain when going to the toilet.,S009,dyschezia,critical,Critical,en-KE,synthetic,9
My main problem is intense blood in urine.,S016,haematuria,severe,High,en,synthetic,8
"The problem I have is that pain wakes me at night, for the past 2 months.",S031,sleep_disturbance,mild,Low,en,synthetic,4
I am here because blood when not on period.,S004,intermenstrual_bleeding,mild,Low,en-KE,synthetic,6
I experience need laxatives regularly.,S011,constipation_cyclical,moderate,Moderate,en,synthetic,6
My main problem is extreme collapsing from pain.,S025,fainting_syncope,critical,High,en,synthetic,8
Nimekuwa na kujamiiana kunauma kwa muda mrefu.,S006,dyspareunia_deep,mild,Moderate,sw,synthetic,9
My experience is that hospital for vomiting during period.,S013,nausea_vomiting_cyclical,critical,High,en,synthetic,6
The problem I have is that blood in my poop during period.,S010,rectal_bleeding,moderate,Moderate,en,synthetic,8
"I am here because chronic pain in my pelvis, for 24 years.",S002,chronic_pelvic_pain,severe,High,en,synthetic,10
pain even when I am not on my period.,S002,chronic_pelvic_pain,moderate,High,en-KE,synthetic,10
I experience uchovu kupita kiasi regularly.,S022,fatigue_chronic,severe,Moderate,en,synthetic,7
The problem I have is that my period is too much.,S005,heavy_menstrual_bleeding,mild,Low,en-KE,synthetic,7
Sijui nifanye nini kuhusu mgongo unaniuma.,S018,lower_back_pain,mild,Low,sw,synthetic,7
I want you to know that feeling of pressure in pelvis.,S028,pelvic_mass_sensation,critical,High,en,synthetic,7
I am here because pain at the entrance during sex.,S007,dyspareunia_superficial,severe,Moderate,en,synthetic,6
I experience moderate fear about my fertility regularly.,S030,anxiety,moderate,Low,en,synthetic,4
I have been dealing with something feels different inside for a while now.,S028,pelvic_mass_sensation,critical,High,en,synthetic,7
I have no one believed me and it is really affecting me.,S038,previous_misdiagnosis,severe,Moderate,en-KE,synthetic,6
I have been dealing with shoulder agony during period for a while now.,S020,shoulder_tip_pain,critical,High,en,synthetic,6
Tatizo langu kuu ni damu nyingi sana.,S005,heavy_menstrual_bleeding,moderate,Moderate,sw,synthetic,7
need to pee all the time.,S017,urinary_frequency,severe,Moderate,en,synthetic,5
I came to the clinic because of intense no one believed me.,S038,previous_misdiagnosis,severe,Moderate,en,synthetic,6
My experience is that pain when going to the toilet.,S009,dyschezia,severe,High,en-KE,synthetic,9
I am here because my back is in agony during my period.,S018,lower_back_pain,critical,High,en-KE,synthetic,7
I came to the clinic because of light spotting sometimes.,S004,intermenstrual_bleeding,mild,Low,en,synthetic,6
My experience is that cycle is all over the place.,S027,irregular_periods,severe,Moderate,en,synthetic,5
I am struggling with unbearable shoulder pain during period.,S020,shoulder_tip_pain,critical,High,en,synthetic,6
I have been dealing with miss periods for a while now.,S027,irregular_periods,severe,Moderate,en,synthetic,5
I told the doctor that miss school from period pain.,S036,work_school_absence,critical,High,en-KE,synthetic,7
Sijui nifanye nini kuhusu tumbo la chini linauma.,S002,chronic_pelvic_pain,moderate,High,sw,synthetic,10
Nina hedhi inaniuma.,S001,dysmenorrhoea,moderate,High,sw,synthetic,10
blood when I go to the toilet during my period.,S010,rectal_bleeding,mild,Moderate,en,synthetic,8
I am struggling with blood clots.,S005,heavy_menstrual_bleeding,mild,Low,en,synthetic,7
Nimekuwa na kuumwa unapokwenda chooni kwa muda mrefu.,S009,dyschezia,severe,High,sw,synthetic,9
Nimekuwa nikilalamika kuhusu dawa hazisaidii maumivu yangu.,S038,previous_misdiagnosis,moderate,Moderate,sw,synthetic,6
Every month I suffer from stomach upset with period.,S012,diarrhoea_cyclical,severe,Moderate,en-KE,synthetic,5
Nina maumivu wakati wa kujamiiana.,S006,dyspareunia_deep,critical,Critical,sw,synthetic,9
"Doctor, I have pale from blood loss and I do not know what to do.",S023,anaemia,moderate,Moderate,en,synthetic,6
The problem I have is that my back is in agony during my period.,S018,lower_back_pain,mild,Low,en-KE,synthetic,7
I have come to see the doctor because of low blood.,S023,anaemia,mild,Low,en-KE,synthetic,6
Every month I suffer from low blood.,S023,anaemia,moderate,Moderate,en-KE,synthetic,6
I told the doctor that my period is too much.,S005,heavy_menstrual_bleeding,severe,Moderate,en-KE,synthetic,7
For the past few months I have had regular uchovu kupita kiasi.,S022,fatigue_chronic,moderate,Moderate,en,synthetic,7
I have low blood and it is really affecting me.,S023,anaemia,mild,Low,en-KE,synthetic,6
I want you to know that bleed after sex most times.,S008,post_coital_bleeding,moderate,Low,en,synthetic,5
I have been dealing with unbearable loose stools during period for a while now.,S012,diarrhoea_cyclical,critical,High,en,synthetic,5
For the past few months I have had treated for something else.,S038,previous_misdiagnosis,mild,Low,en,synthetic,6
I am struggling with intense anxious all the time.,S030,anxiety,severe,Moderate,en,synthetic,4
Nimekuwa nikilalamika kuhusu kuzimia kutokana na maumivu.,S025,fainting_syncope,moderate,Moderate,sw,synthetic,8
I experience intense constipation during period regularly.,S011,constipation_cyclical,severe,Moderate,en,synthetic,6
I have crying all the time.,S029,depression,moderate,Low,en,synthetic,5
My experience is that pink or red urine during period.,S016,haematuria,severe,High,en,synthetic,8
My experience is that bleeding in the middle of my cycle.,S004,intermenstrual_bleeding,critical,High,en,synthetic,6
I have been dealing with hip pain for a while now.,S021,hip_groin_pain,critical,High,en,synthetic,6
I am here because pain at the beginning of sex.,S007,dyspareunia_superficial,critical,High,en,synthetic,6
Nimekuwa na damu kidogo mwilini kwa muda mrefu.,S023,anaemia,critical,High,sw,synthetic,6
I told the doctor that chronic pain in my pelvis.,S002,chronic_pelvic_pain,severe,High,en,synthetic,10
I need help with changing pad every hour.,S005,heavy_menstrual_bleeding,severe,Moderate,en-KE,synthetic,7
I am struggling with unbearable unpredictable periods.,S027,irregular_periods,critical,High,en,synthetic,5
I need help with no one believed me.,S038,previous_misdiagnosis,severe,Moderate,en-KE,synthetic,6
I want you to know that my period is too much.,S005,heavy_menstrual_bleeding,critical,High,en-KE,synthetic,7
I am here because miss school from period pain.,S036,work_school_absence,critical,High,en-KE,synthetic,7
I told the doctor that CS scar painful during period.,S035,scar_endometriosis,mild,Low,en-KE,synthetic,7
I cannot work properly because of IVF failed.,S026,infertility,critical,Critical,en,synthetic,9
For the past few months I have had dyschezia.,S009,dyschezia,critical,Critical,en,synthetic,9
"Doctor, I have cancel plans sometimes and I do not know what to do.",S037,relationship_social_impact,mild,Low,en,synthetic,5
My main problem is always in pain.,S002,chronic_pelvic_pain,severe,High,en,synthetic,10
CS scar painful during period.,S035,scar_endometriosis,mild,Low,en-KE,synthetic,7
I told the doctor that been trying for over a year.,S026,infertility,critical,Critical,en,synthetic,9
My experience is that told I have a cyst.,S028,pelvic_mass_sensation,severe,Moderate,en-KE,synthetic,7
I want you to know that I avoid sex because it hurts.,S006,dyspareunia_deep,critical,Critical,en-KE,synthetic,9
I have been dealing with hospital for bowel blockage for a while now.,S011,constipation_cyclical,critical,High,en,synthetic,6
I came to the clinic because of slightly constipated during period.,S011,constipation_cyclical,mild,Low,en,synthetic,6
I have come to see the doctor because of stomach swells up.,S014,bloating_abdominal,critical,High,en-KE,synthetic,5
I have had slight stomach swells up since I was a teenager.,S014,bloating_abdominal,mild,Low,en,synthetic,5
Nimekuwa nikilalamika kuhusu uchovu kupita kiasi.,S022,fatigue_chronic,moderate,Moderate,sw,synthetic,7
The problem I have is that my period is too much.,S005,heavy_menstrual_bleeding,critical,High,en-KE,synthetic,7
Nina dawa hazisaidii maumivu yangu.,S038,previous_misdiagnosis,moderate,Moderate,sw,synthetic,6
I am here because feel slightly sick during period.,S013,nausea_vomiting_cyclical,mild,Low,en,synthetic,6
I want you to know that I avoid sex because it hurts.,S006,dyspareunia_deep,moderate,Moderate,en-KE,synthetic,9
I want you to know that my period is too much.,S005,heavy_menstrual_bleeding,mild,Low,en-KE,synthetic,7
"I told the doctor that siku zangu za mwezi ni za maumivu, for 12 months now.",S001,dysmenorrhoea,severe,High,sw,synthetic,10
I am here because kuhisi kichefuchefu wakati wa hedhi.,S013,nausea_vomiting_cyclical,mild,Low,sw,synthetic,6
For the past few months I have had vaginal pain during sex.,S007,dyspareunia_superficial,critical,High,en,synthetic,6
I avoid sex because it hurts.,S006,dyspareunia_deep,critical,Critical,en-KE,synthetic,9
"I cannot work properly because of noticeable period cramps, for about 36 months.",S001,dysmenorrhoea,moderate,High,en,synthetic,10
told it is just period pain.,S038,previous_misdiagnosis,mild,Low,en,synthetic,6
"The problem I have is that dropped out of school from pain, for about 12 months.",S036,work_school_absence,critical,High,en,synthetic,7
I am struggling with noticeable feeling depressed.,S029,depression,moderate,Low,en,synthetic,5
Nimekuwa na mgongo unaniuma kwa muda mrefu.,S018,lower_back_pain,severe,Moderate,sw,synthetic,7
Since I was young I have had running stomach during period.,S012,diarrhoea_cyclical,critical,High,en-KE,synthetic,5
"I have distracting pain, for about 6 months.",S002,chronic_pelvic_pain,moderate,High,en,synthetic,10
I have bloody urine.,S016,haematuria,critical,High,en,synthetic,8
My main problem is slightly feverish during period.,S024,fever_cyclical,mild,Low,en,synthetic,5
My experience is that trying for a baby without success.,S026,infertility,severe,High,en-KE,synthetic,9
I experience very bad pain during sex regularly.,S006,dyspareunia_deep,severe,High,en,synthetic,9
I am here because right shoulder pain during period.,S020,shoulder_tip_pain,mild,Low,en,synthetic,6
I want you to know that sometimes cannot sleep during period.,S031,sleep_disturbance,mild,Low,en,synthetic,4
Nilikuja hospitalini kwa sababu ya nimechoka sana kila wakati.,S022,fatigue_chronic,severe,Moderate,sw,synthetic,7
I have been dealing with slight pain when pooping for a while now.,S009,dyschezia,mild,Moderate,en,synthetic,9
Sijui nifanye nini kuhusu damu kidogo mwilini.,S023,anaemia,mild,Low,sw,synthetic,6
I have been dealing with significant diarrhoea during period for a while now.,S012,diarrhoea_cyclical,moderate,Low,en,synthetic,5
I need help with running stomach during period.,S012,diarrhoea_cyclical,moderate,Low,en-KE,synthetic,5
I came to the clinic because of back pain during period.,S018,lower_back_pain,mild,Low,en,synthetic,7
I told the doctor that swelling at belly button during period.,S034,umbilical_pain_bleeding,moderate,Moderate,en,synthetic,8
I cannot work properly because of occasional cramps during period.,S001,dysmenorrhoea,mild,Moderate,en,synthetic,10
"Nilikuja hospitalini kwa sababu ya uchovu kupita kiasi, for about 2 months.",S022,fatigue_chronic,mild,Low,sw,synthetic,7
"I have been dealing with losing hope for a while now, for over 24 months.",S029,depression,critical,High,en,synthetic,5
My experience is that my back is in agony during my period.,S018,lower_back_pain,mild,Low,en-KE,synthetic,7
I am here because one doctor visit with no answer.,S038,previous_misdiagnosis,mild,Low,en,synthetic,6
I am here because doctors keep sending me away.,S038,previous_misdiagnosis,mild,Low,en-KE,synthetic,6
multiple lung collapses with period.,S032,catamenial_pneumothorax,critical,Critical,en,synthetic,9
I came to the clinic because of leg pain during period.,S019,leg_pain_sciatica,mild,Low,en,synthetic,7
For the past few months I have had blood in urine.,S016,haematuria,severe,High,en,synthetic,8
I am here because bowels stop working during period.,S011,constipation_cyclical,severe,Moderate,en,synthetic,6
I experience blood after intercourse regularly.,S008,post_coital_bleeding,severe,Moderate,en,synthetic,5
For the past few months I have had severe look pregnant from bloating.,S014,bloating_abdominal,severe,Moderate,en,synthetic,5
Since I was young I have had pain passing urine.,S015,dysuria,severe,Moderate,en-KE,synthetic,7
"Nilikuja hospitalini kwa sababu ya nimechoka sana kila wakati, for about 3 months.",S022,fatigue_chronic,mild,Low,sw,synthetic,7
I want you to know that blood when not on period.,S004,intermenstrual_bleeding,moderate,Moderate,en-KE,synthetic,6
"Nina uchovu kupita kiasi, for 12 years.",S022,fatigue_chronic,severe,Moderate,sw,synthetic,7
For the past few months I have had intense irregular periods.,S027,irregular_periods,severe,Moderate,en,synthetic,5
I need help with pain passing urine.,S015,dysuria,mild,Low,en-KE,synthetic,7
blood when not on period.,S004,intermenstrual_bleeding,moderate,Moderate,en-KE,synthetic,6
I cannot work properly because of occasional cannot tolerate penetration.,S007,dyspareunia_superficial,mild,Low,en,synthetic,6
"Doctor, I have noticeable burning during sex and I do not know what to do.",S007,dyspareunia_superficial,moderate,Moderate,en,synthetic,6
Nimekuwa na kuzimia kutokana na maumivu kwa muda mrefu.,S025,fainting_syncope,mild,Moderate,sw,synthetic,8
I came to the clinic because of pain before my period.,S003,premenstrual_pain,severe,Moderate,en,synthetic,7
I came to the clinic because of need strong painkillers.,S001,dysmenorrhoea,moderate,High,en,synthetic,10
"I am here because I cannot function during my period, for 36 years.",S001,dysmenorrhoea,severe,High,en-KE,synthetic,10
My experience is that cough up blood with period.,S033,catamenial_haemoptysis,moderate,Moderate,en,synthetic,8
"The problem I have is that pain even when I am not on my period, for 6 years.",S002,chronic_pelvic_pain,moderate,High,en-KE,synthetic,10
I told the doctor that doctors keep sending me away.,S038,previous_misdiagnosis,mild,Low,en-KE,synthetic,6
I am here because swelling at belly button during period.,S034,umbilical_pain_bleeding,critical,High,en,synthetic,8
my back is in agony during my period.,S018,lower_back_pain,moderate,Moderate,en-KE,synthetic,7
My main problem is trying for 2-3 years.,S026,infertility,severe,High,en,synthetic,9
The problem I have is that pain even when I am not on my period.,S002,chronic_pelvic_pain,critical,Critical,en-KE,synthetic,10
I cannot work properly because of spotting.,S004,intermenstrual_bleeding,moderate,Moderate,en,synthetic,6
I have been dealing with nausea with cramps for a while now.,S013,nausea_vomiting_cyclical,mild,Low,en,synthetic,6
I told the doctor that slight discomfort sometimes during sex.,S006,dyspareunia_deep,mild,Moderate,en,synthetic,9
I have had slight burning at start since I was a teenager.,S007,dyspareunia_superficial,mild,Low,en,synthetic,6
Nina maumivu ya nyonga.,S002,chronic_pelvic_pain,severe,High,sw,synthetic,10
I am struggling with slight pain day before.,S003,premenstrual_pain,mild,Low,en,synthetic,7
I have had excruciating blood after intercourse since I was a teenager.,S008,post_coital_bleeding,critical,High,en,synthetic,5
Sijui nifanye nini kuhusu kuumwa unapokwenda chooni.,S009,dyschezia,moderate,Moderate,sw,synthetic,9
Sijui nifanye nini kuhusu mgongo unaniuma.,S018,lower_back_pain,moderate,Moderate,sw,synthetic,7
I am struggling with fatigue.,S022,fatigue_chronic,critical,High,en,synthetic,7
"Doctor, I have significant belly distension and I do not know what to do.",S014,bloating_abdominal,moderate,Low,en,synthetic,5
I am here because told I have a cyst.,S028,pelvic_mass_sensation,mild,Low,en-KE,synthetic,7
I told the doctor that blood in sputum during period.,S033,catamenial_haemoptysis,moderate,Moderate,en,synthetic,8
I experience blocked tubes regularly.,S026,infertility,critical,Critical,en,synthetic,9
My main problem is sex hurts deep inside.,S006,dyspareunia_deep,mild,Moderate,en,synthetic,9
For the past few months I have had lumbosacral pain.,S018,lower_back_pain,critical,High,en,synthetic,7
I experience mild fainting regularly.,S025,fainting_syncope,mild,Moderate,en,synthetic,8
I have excruciating low mood.,S029,depression,critical,High,en,synthetic,5
I cannot work properly because of slightly constipated during period.,S011,constipation_cyclical,mild,Low,en,synthetic,6
I want you to know that belly button bleeds during period.,S034,umbilical_pain_bleeding,severe,High,en,synthetic,8
For the past few months I have had significant cannot hold my bladder.,S017,urinary_frequency,moderate,Low,en,synthetic,5
I have had bleed for weeks since I was a teenager.,S004,intermenstrual_bleeding,severe,Moderate,en,synthetic,6
I want you to know that stinging when I pass urine.,S015,dysuria,moderate,Moderate,en,synthetic,7
"Doctor, I have intense damu nyingi sana and I do not know what to do.",S005,heavy_menstrual_bleeding,severe,Moderate,en,synthetic,7
need to pee all the time.,S017,urinary_frequency,mild,Low,en,synthetic,5
My main problem is occasional blood in pee.,S016,haematuria,mild,Moderate,en,synthetic,8
I have had nauseous every period since I was a teenager.,S013,nausea_vomiting_cyclical,moderate,Moderate,en,synthetic,6
I am here because urine looks red during period.,S016,haematuria,severe,High,en,synthetic,8
Nilikuja hospitalini kwa sababu ya kuzimia kutokana na maumivu.,S025,fainting_syncope,moderate,Moderate,sw,synthetic,8
Nimekuwa na damu kidogo mwilini kwa muda mrefu.,S023,anaemia,severe,Moderate,sw,synthetic,6
I came to the clinic because of bleed heavily after sex.,S008,post_coital_bleeding,severe,Moderate,en,synthetic,5
I have been dealing with emergency rectal bleeding for a while now.,S010,rectal_bleeding,critical,High,en,synthetic,8
I told the doctor that blood in my poop during period.,S010,rectal_bleeding,severe,High,en,synthetic,8
Nimekuwa nikilalamika kuhusu maumivu ya nyonga.,S002,chronic_pelvic_pain,moderate,High,sw,synthetic,10
I want you to know that bleeding in the middle of my cycle.,S004,intermenstrual_bleeding,mild,Low,en,synthetic,6
I cannot work properly because of moderate told I am anaemic.,S023,anaemia,moderate,Moderate,en,synthetic,6
For the past few months I have had had tests done.,S026,infertility,severe,High,en,synthetic,9
I am struggling with noticeable unpredictable periods.,S027,irregular_periods,moderate,Low,en,synthetic,5
For the past few months I have had cannot move my leg.,S019,leg_pain_sciatica,critical,High,en,synthetic,7
I told the doctor that cannot have sex because of pain.,S006,dyspareunia_deep,severe,High,en,synthetic,9
Nina kuumwa unapokojoa.,S015,dysuria,moderate,Moderate,sw,synthetic,7
The problem I have is that slight pink tinge to urine during period.,S016,haematuria,mild,Moderate,en,synthetic,8
I told the doctor that feeling of fullness in pelvis.,S028,pelvic_mass_sensation,mild,Low,en,synthetic,7
My main problem is cannot breathe during period.,S032,catamenial_pneumothorax,severe,High,en,synthetic,9
"Nimekuwa na uchovu kupita kiasi kwa muda mrefu, for 24 years.",S022,fatigue_chronic,mild,Low,sw,synthetic,7
Every month I suffer from low blood.,S023,anaemia,mild,Low,en-KE,synthetic,6
trying for a baby without success.,S026,infertility,mild,Moderate,en-KE,synthetic,9
I am here because sijawahi pata mtoto ingawa ninajaribu.,S026,infertility,mild,Moderate,sw,synthetic,9
I came to the clinic because of slight running stomach during period.,S012,diarrhoea_cyclical,mild,Low,en,synthetic,5
Nilikuja hospitalini kwa sababu ya kuumwa unapokojoa.,S015,dysuria,severe,Moderate,sw,synthetic,7
I told the doctor that throw up from period pain.,S013,nausea_vomiting_cyclical,critical,High,en,synthetic,6
Nimekuwa na hedhi nyingi sana kwa muda mrefu.,S005,heavy_menstrual_bleeding,severe,Moderate,sw,synthetic,7
My main problem is occasional pain when passing urine.,S015,dysuria,mild,Low,en,synthetic,7
My experience is that feeling of pressure in pelvis.,S028,pelvic_mass_sensation,severe,Moderate,en,synthetic,7
My main problem is in bed from exhaustion.,S022,fatigue_chronic,severe,Moderate,en,synthetic,7
Nimekuwa nikilalamika kuhusu damu nyingi sana.,S005,heavy_menstrual_bleeding,mild,Low,sw,synthetic,7
My experience is that I avoid sex because it hurts.,S006,dyspareunia_deep,moderate,Moderate,en-KE,synthetic,9
My experience is that pain in my lower belly.,S002,chronic_pelvic_pain,critical,Critical,en-KE,synthetic,10
told I have a cyst.,S028,pelvic_mass_sensation,severe,Moderate,en-KE,synthetic,7
My experience is that limp from hip pain during period.,S021,hip_groin_pain,severe,Moderate,en,synthetic,6
For the past few months I have had occasional it hurts to urinate.,S015,dysuria,mild,Low,en,synthetic,7
"I have had significant depression since I was a teenager, for about 6 months.",S029,depression,moderate,Low,en,synthetic,5
old caesarean scar hurts during period.,S035,scar_endometriosis,critical,High,en,synthetic,7
I am here because kuhisi kichefuchefu wakati wa hedhi.,S013,nausea_vomiting_cyclical,severe,Moderate,sw,synthetic,6
I told the doctor that I cannot be intimate with my partner.,S037,relationship_social_impact,moderate,Low,en,synthetic,5
Nimekuwa na kujamiiana kunauma kwa muda mrefu.,S006,dyspareunia_deep,moderate,Moderate,sw,synthetic,9
My experience is that miss school from period pain.,S036,work_school_absence,mild,Low,en-KE,synthetic,7
I experience light spotting sometimes regularly.,S004,intermenstrual_bleeding,mild,Low,en,synthetic,6
"Doctor, I have slight pelvic pressure and I do not know what to do.",S028,pelvic_mass_sensation,mild,Low,en,synthetic,7
Tatizo langu kuu ni dawa hazisaidii maumivu yangu.,S038,previous_misdiagnosis,severe,Moderate,sw,synthetic,6
"Doctor, I have painful bowel movements and I do not know what to do.",S009,dyschezia,moderate,Moderate,en,synthetic,9
I told the doctor that cannot breathe well during period.,S032,catamenial_pneumothorax,moderate,Moderate,en,synthetic,9
I am struggling with fever every period.,S024,fever_cyclical,moderate,Low,en,synthetic,5
"Doctor, I have feel faint during period and I do not know what to do.",S025,fainting_syncope,mild,Moderate,en,synthetic,8
I want you to know that hospital for vomiting during period.,S013,nausea_vomiting_cyclical,critical,High,en,synthetic,6
"Doctor, I have significant misdiagnosed and I do not know what to do.",S038,previous_misdiagnosis,moderate,Moderate,en,synthetic,6
I have had serious running stomach during period since I was a teenager.,S012,diarrhoea_cyclical,severe,Moderate,en,synthetic,5
I have been dealing with mild ovarian cyst for a while now.,S028,pelvic_mass_sensation,mild,Low,en,synthetic,7
I came to the clinic because of very bad scar painful cyclically.,S035,scar_endometriosis,severe,Moderate,en,synthetic,7
I want you to know that pain in my lower belly.,S002,chronic_pelvic_pain,mild,Moderate,en-KE,synthetic,10
I have constipation during period.,S011,constipation_cyclical,mild,Low,en,synthetic,6
I have had excruciating back pain during period since I was a teenager.,S018,lower_back_pain,critical,High,en,synthetic,7
My experience is that kuhisi kichefuchefu wakati wa hedhi.,S013,nausea_vomiting_cyclical,critical,High,sw,synthetic,6
I am here because cycle is all over the place.,S027,irregular_periods,mild,Low,en,synthetic,5
Tatizo langu kuu ni damu kidogo mwilini.,S023,anaemia,moderate,Moderate,sw,synthetic,6
I have rectal bleeding.,S010,rectal_bleeding,mild,Moderate,en,synthetic,8
"Doctor, I have on medication for depression and I do not know what to do, for over 3 months.",S029,depression,severe,Moderate,en,synthetic,5
in pain most of the month.,S003,premenstrual_pain,critical,High,en,synthetic,7
My experience is that trying for a baby without success.,S026,infertility,mild,Moderate,en-KE,synthetic,9
"Doctor, I have urinary urgency and I do not know what to do.",S017,urinary_frequency,moderate,Low,en,synthetic,5
I have had serious cannot breathe during period since I was a teenager.,S032,catamenial_pneumothorax,severe,High,en,synthetic,9
"I am struggling with cannot leave the house, for 36 months now.",S030,anxiety,critical,Moderate,en,synthetic,4
I need help with no one believed me.,S038,previous_misdiagnosis,mild,Low,en-KE,synthetic,6
"My experience is that total social withdrawal from anxiety, since I was 18 years old.",S030,anxiety,critical,Moderate,en,synthetic,4
I have stomach gets very big.,S014,bloating_abdominal,mild,Low,en,synthetic,5
My main problem is mild pain in groin area.,S021,hip_groin_pain,mild,Low,en,synthetic,6
Nilikuja hospitalini kwa sababu ya dawa hazisaidii maumivu yangu.,S038,previous_misdiagnosis,mild,Low,sw,synthetic,6
I have had serious it hurts to urinate since I was a teenager.,S015,dysuria,severe,Moderate,en,synthetic,7
"The problem I have is that pain even when I am not on my period, for over 2 months.",S002,chronic_pelvic_pain,critical,Critical,en-KE,synthetic,10
My experience is that inner thigh pain during period.,S021,hip_groin_pain,moderate,Moderate,en,synthetic,6
Nilikuja hospitalini kwa sababu ya kuumwa unapokwenda chooni.,S009,dyschezia,severe,High,sw,synthetic,9
Nilikuja hospitalini kwa sababu ya maumivu ya nyonga.,S002,chronic_pelvic_pain,mild,Moderate,sw,synthetic,10
My experience is that pelvic pain a week before my period.,S003,premenstrual_pain,critical,High,en,synthetic,7
I am here because been to many doctors with no answer.,S038,previous_misdiagnosis,severe,Moderate,en,synthetic,6
I have had pain after sex since I was a teenager.,S006,dyspareunia_deep,moderate,Moderate,en,synthetic,9
I am here because pain in shoulder tip with period.,S020,shoulder_tip_pain,critical,High,en,synthetic,6
"I came to the clinic because of distracting pain, for the past 24 months.",S002,chronic_pelvic_pain,moderate,High,en,synthetic,10
I want you to know that large cyst confirmed by scan.,S028,pelvic_mass_sensation,severe,Moderate,en,synthetic,7
I have been dealing with rectal bleeding for a while now.,S010,rectal_bleeding,moderate,Moderate,en,synthetic,8
The problem I have is that I avoid sex because it hurts.,S006,dyspareunia_deep,mild,Moderate,en-KE,synthetic,9
"I told the doctor that pain even when I am not on my period, since I was 20 years old.",S002,chronic_pelvic_pain,moderate,High,en-KE,synthetic,10
I have had chest tightness with period since I was a teenager.,S032,catamenial_pneumothorax,moderate,Moderate,en,synthetic,9
My main problem is significant told I am anaemic.,S023,anaemia,moderate,Moderate,en,synthetic,6
"Sijui nifanye nini kuhusu nimechoka sana kila wakati, for over 3 months.",S022,fatigue_chronic,moderate,Moderate,sw,synthetic,7
I am here because told I have a cyst.,S028,pelvic_mass_sensation,critical,High,en-KE,synthetic,7
The problem I have is that sometimes bleed a little after sex.,S008,post_coital_bleeding,mild,Low,en,synthetic,5
I told the doctor that multiple lung collapses with period.,S032,catamenial_pneumothorax,critical,Critical,en,synthetic,9
I want you to know that pain when going to the toilet.,S009,dyschezia,severe,High,en,synthetic,9
Nimekuwa na damu nyingi sana kwa muda mrefu.,S005,heavy_menstrual_bleeding,mild,Low,sw,synthetic,7
painful lump at belly button.,S034,umbilical_pain_bleeding,mild,Moderate,en,synthetic,8
I told the doctor that CS scar painful during period.,S035,scar_endometriosis,severe,Moderate,en-KE,synthetic,7
told I have a cyst.,S028,pelvic_mass_sensation,mild,Low,en-KE,synthetic,7
I am here because CS scar painful during period.,S035,scar_endometriosis,moderate,Moderate,en-KE,synthetic,7
doctors keep sending me away.,S038,previous_misdiagnosis,mild,Low,en-KE,synthetic,6
The problem I have is that pain when going to the toilet.,S009,dyschezia,severe,High,en-KE,synthetic,9
Nimekuwa na damu nyingi sana kwa muda mrefu.,S005,heavy_menstrual_bleeding,critical,High,sw,synthetic,7
I need help with low blood.,S023,anaemia,mild,Low,en-KE,synthetic,6
I am struggling with extreme always in pain.,S002,chronic_pelvic_pain,critical,Critical,en,synthetic,10
pain when going to the toilet.,S009,dyschezia,critical,Critical,en-KE,synthetic,9
I am here because take days off for period.,S036,work_school_absence,severe,Moderate,en,synthetic,7
For the past few months I have had regular feel like giving up.,S029,depression,moderate,Low,en,synthetic,5
I experience cannot go to work regularly.,S036,work_school_absence,critical,High,en,synthetic,7
The problem I have is that pain at the entrance during sex.,S007,dyspareunia_superficial,moderate,Moderate,en,synthetic,6
For the past few months I have had slight losing consciousness during period.,S025,fainting_syncope,mild,Moderate,en,synthetic,8
Nimekuwa nikilalamika kuhusu kuzimia kutokana na maumivu.,S025,fainting_syncope,severe,High,sw,synthetic,8
The problem I have is that my period is too much.,S005,heavy_menstrual_bleeding,moderate,Moderate,en-KE,synthetic,7
I am struggling with period makes me vomit.,S013,nausea_vomiting_cyclical,severe,Moderate,en,synthetic,6
I have come to see the doctor because of changing pad every hour.,S005,heavy_menstrual_bleeding,mild,Low,en-KE,synthetic,7
I have been dealing with regular bleeding through clothes for a while now.,S005,heavy_menstrual_bleeding,moderate,Moderate,en,synthetic,7
The problem I have is that belly button bleeds during period.,S034,umbilical_pain_bleeding,severe,High,en,synthetic,8
Tatizo langu kuu ni kuumwa unapokwenda chooni.,S009,dyschezia,mild,Moderate,sw,synthetic,9
My experience is that told it is just period pain.,S038,previous_misdiagnosis,mild,Low,en-KE,synthetic,6
I have moderate scar swells during period.,S035,scar_endometriosis,moderate,Moderate,en,synthetic,7
Nilikuja hospitalini kwa sababu ya hedhi inaniuma.,S001,dysmenorrhoea,critical,Critical,sw,synthetic,10
My experience is that trying for a baby without success.,S026,infertility,moderate,Moderate,en-KE,synthetic,9
I experience bowel movements are painful regularly.,S009,dyschezia,severe,High,en,synthetic,9
For the past few months I have had had blood transfusion.,S023,anaemia,critical,High,en,synthetic,6
I experience chocolate cyst regularly.,S028,pelvic_mass_sensation,moderate,Moderate,en,synthetic,7
"Sijui nifanye nini kuhusu hedhi inaniuma, for over 36 months.",S001,dysmenorrhoea,critical,Critical,sw,synthetic,10
Nimekuwa nikilalamika kuhusu kuumwa unapokwenda chooni.,S009,dyschezia,severe,High,sw,synthetic,9
"Doctor, I have pale from blood loss and I do not know what to do.",S023,anaemia,severe,Moderate,en,synthetic,6
"For the past few months I have had worried about my condition, for the past 24 months.",S030,anxiety,mild,Low,en,synthetic,4
Tatizo langu kuu ni maumivu ya hedhi.,S001,dysmenorrhoea,moderate,High,sw,synthetic,10
Nilikuja hospitalini kwa sababu ya kujamiiana kunauma.,S006,dyspareunia_deep,moderate,Moderate,sw,synthetic,9
My experience is that blood when not on period.,S004,intermenstrual_bleeding,severe,Moderate,en-KE,synthetic,6
"The problem I have is that miss school from period pain, for 12 years.",S036,work_school_absence,severe,Moderate,en-KE,synthetic,7
"I am here because pain wakes me up regularly, for 36 months now.",S031,sleep_disturbance,moderate,Low,en,synthetic,4
"I have been dealing with excruciating always in pain for a while now, for over 2 months.",S002,chronic_pelvic_pain,critical,Critical,en,synthetic,10
Sijui nifanye nini kuhusu kuzimia kutokana na maumivu.,S025,fainting_syncope,moderate,Moderate,sw,synthetic,8
Sijui nifanye nini kuhusu kuumwa unapokwenda chooni.,S009,dyschezia,mild,Moderate,sw,synthetic,9
I want you to know that swelling at belly button during period.,S034,umbilical_pain_bleeding,mild,Moderate,en,synthetic,8
I have been dealing with noticeable blood after intercourse for a while now.,S008,post_coital_bleeding,moderate,Low,en,synthetic,5
"The problem I have is that miss school from period pain, for the past 6 months.",S036,work_school_absence,critical,High,en-KE,synthetic,7
Since I was young I have had pain passing urine.,S015,dysuria,moderate,Moderate,en-KE,synthetic,7
"Doctor, I have vaginal pain during sex and I do not know what to do.",S007,dyspareunia_superficial,moderate,Moderate,en,synthetic,6
The problem I have is that pain even when I am not on my period.,S002,chronic_pelvic_pain,severe,High,en-KE,synthetic,10
The problem I have is that miss school from period pain.,S036,work_school_absence,mild,Low,en-KE,synthetic,7
My experience is that doctors keep sending me away.,S038,previous_misdiagnosis,critical,High,en,synthetic,6
The problem I have is that sijawahi pata mtoto ingawa ninajaribu.,S026,infertility,moderate,Moderate,en,synthetic,9
I want you to know that my period is too much.,S005,heavy_menstrual_bleeding,moderate,Moderate,en-KE,synthetic,7
I have changing pad every hour and it is really affecting me.,S005,heavy_menstrual_bleeding,severe,Moderate,en-KE,synthetic,7
Every month I suffer from changing pad every hour.,S005,heavy_menstrual_bleeding,severe,Moderate,en-KE,synthetic,7
Sijui nifanye nini kuhusu maumivu ya hedhi.,S001,dysmenorrhoea,mild,Moderate,sw,synthetic,10
I cannot work properly because of losing consciousness during period.,S025,fainting_syncope,critical,High,en,synthetic,8
The problem I have is that cannot do anything because I am tired.,S022,fatigue_chronic,mild,Low,en,synthetic,7
I cannot work properly because of excruciating burning during sex.,S007,dyspareunia_superficial,critical,High,en,synthetic,6
I am struggling with noticeable sex is painful.,S006,dyspareunia_deep,moderate,Moderate,en,synthetic,9
"Doctor, I have moderate pain in my rectum and I do not know what to do.",S009,dyschezia,moderate,Moderate,en,synthetic,9
I experience lung collapses during period regularly.,S032,catamenial_pneumothorax,mild,Moderate,en,synthetic,9
I have shoulder aches during period.,S020,shoulder_tip_pain,mild,Low,en,synthetic,6
Tatizo langu kuu ni sijapata mimba ingawa ninajaribu.,S026,infertility,mild,Moderate,sw,synthetic,9
I avoid sex because it hurts.,S006,dyspareunia_deep,severe,High,en-KE,synthetic,9
I told the doctor that cough up blood with period.,S033,catamenial_haemoptysis,mild,Moderate,en,synthetic,8
I experience in bed from exhaustion regularly.,S022,fatigue_chronic,severe,Moderate,en,synthetic,7
I want you to know that told it is just period pain.,S038,previous_misdiagnosis,mild,Low,en-KE,synthetic,6
I told the doctor that heavy rectal bleeding every period.,S010,rectal_bleeding,severe,High,en,synthetic,8
I have come to see the doctor because of stomach upset with period.,S012,diarrhoea_cyclical,critical,High,en-KE,synthetic,5
kuhisi kichefuchefu wakati wa hedhi.,S013,nausea_vomiting_cyclical,mild,Low,sw,synthetic,6
I have unbearable pain in my rectum.,S009,dyschezia,critical,Critical,en,synthetic,9
"I want you to know that pain in my lower belly, since I was 14 years old.",S002,chronic_pelvic_pain,moderate,High,en-KE,synthetic,10
My experience is that I avoid sex because it hurts.,S006,dyspareunia_deep,critical,Critical,en-KE,synthetic,9
have to sit down suddenly from dizziness.,S025,fainting_syncope,moderate,Moderate,en,synthetic,8
Nimekuwa nikilalamika kuhusu maumivu ya hedhi.,S001,dysmenorrhoea,moderate,High,sw,synthetic,10
Nina kujamiiana kunauma.,S006,dyspareunia_deep,critical,Critical,sw,synthetic,9
For the past few months I have had intense no one believed me.,S038,previous_misdiagnosis,severe,Moderate,en,synthetic,6
For the past few months I have had slight pain day before.,S003,premenstrual_pain,mild,Low,en,synthetic,7
I cannot work properly because of told I am anaemic.,S023,anaemia,severe,Moderate,en,synthetic,6
I am struggling with regular cannot breathe during period.,S032,catamenial_pneumothorax,moderate,Moderate,en,synthetic,9
I am here because trying for a baby without success.,S026,infertility,moderate,Moderate,en-KE,synthetic,9
Nimekuwa na kuzimia kutokana na maumivu kwa muda mrefu.,S025,fainting_syncope,moderate,Moderate,sw,synthetic,8
I am here because blood when not on period.,S004,intermenstrual_bleeding,severe,Moderate,en-KE,synthetic,6
I have been dealing with mild pain when peeing for a while now.,S015,dysuria,mild,Low,en,synthetic,7
Nina maumivu ya hedhi.,S001,dysmenorrhoea,moderate,High,sw,synthetic,10
Tatizo langu kuu ni kuzimia kutokana na maumivu.,S025,fainting_syncope,mild,Moderate,sw,synthetic,8
I cannot work properly because of belly distension.,S014,bloating_abdominal,critical,High,en,synthetic,5
My experience is that blood in sputum during period.,S033,catamenial_haemoptysis,severe,High,en,synthetic,8
Nilikuja hospitalini kwa sababu ya kuzimia kutokana na maumivu.,S025,fainting_syncope,severe,High,sw,synthetic,8
"I have exhaustion, for 24 months now.",S022,fatigue_chronic,moderate,Moderate,en,synthetic,7
Every month I suffer from changing pad every hour.,S005,heavy_menstrual_bleeding,critical,High,en-KE,synthetic,7
doctors keep sending me away.,S038,previous_misdiagnosis,critical,High,en-KE,synthetic,6
I want you to know that been to many doctors with no answer.,S038,previous_misdiagnosis,severe,Moderate,en,synthetic,6
trying for a baby without success.,S026,infertility,moderate,Moderate,en-KE,synthetic,9
Nilikuja hospitalini kwa sababu ya kuumwa unapokwenda chooni.,S009,dyschezia,moderate,Moderate,sw,synthetic,9
sijawahi pata mtoto ingawa ninajaribu.,S026,infertility,mild,Moderate,sw,synthetic,9
I want you to know that pain in my whole leg.,S019,leg_pain_sciatica,severe,Moderate,en,synthetic,7
Nimekuwa nikilalamika kuhusu damu kidogo mwilini.,S023,anaemia,mild,Low,sw,synthetic,6
Nina dawa hazisaidii maumivu yangu.,S038,previous_misdiagnosis,critical,High,sw,synthetic,6
The problem I have is that cannot make it to toilet in time.,S017,urinary_frequency,severe,Moderate,en,synthetic,5
I have had slightly low blood count since I was a teenager.,S023,anaemia,mild,Low,en,synthetic,6
The problem I have is that doctors keep sending me away.,S038,previous_misdiagnosis,moderate,Moderate,en-KE,synthetic,6
pain shoots down my leg.,S019,leg_pain_sciatica,severe,Moderate,en,synthetic,7
Nina mgongo unaniuma.,S018,lower_back_pain,critical,High,sw,synthetic,7
The problem I have is that lump in belly button requiring surgery.,S034,umbilical_pain_bleeding,critical,High,en,synthetic,8
I have had treated for something else since I was a teenager.,S038,previous_misdiagnosis,severe,Moderate,en,synthetic,6
Nina maumivu wakati wa kujamiiana.,S006,dyspareunia_deep,mild,Moderate,sw,synthetic,9
The problem I have is that sijawahi pata mtoto ingawa ninajaribu.,S026,infertility,mild,Moderate,sw,synthetic,9
My experience is that stinging when I pass urine.,S015,dysuria,severe,Moderate,en,synthetic,7
"Nimekuwa na tumbo la chini linauma kwa muda mrefu, for 36 months now.",S002,chronic_pelvic_pain,severe,High,sw,synthetic,10
My main problem is spotting after sex.,S008,post_coital_bleeding,critical,High,en,synthetic,5
For the past few months I have had pain inside during sex.,S006,dyspareunia_deep,mild,Moderate,en,synthetic,9
I want you to know that I cannot function during my period.,S001,dysmenorrhoea,moderate,High,en-KE,synthetic,10
For the past few months I have had anaemia.,S023,anaemia,severe,Moderate,en,synthetic,6
I cannot work properly because of pain in my hip.,S021,hip_groin_pain,severe,Moderate,en,synthetic,6
Nina kuzimia kutokana na maumivu.,S025,fainting_syncope,moderate,Moderate,sw,synthetic,8
I told the doctor that right shoulder pain during period.,S020,shoulder_tip_pain,severe,Moderate,en,synthetic,6
"Tatizo langu kuu ni maumivu ya nyonga, for over 6 months.",S002,chronic_pelvic_pain,severe,High,sw,synthetic,10
I want you to know that miss school from period pain.,S036,work_school_absence,moderate,Moderate,en-KE,synthetic,7
I came to the clinic because of unbearable period makes me vomit.,S013,nausea_vomiting_cyclical,critical,High,en,synthetic,6
"For the past few months I have had always tired, for about 24 months.",S022,fatigue_chronic,mild,Low,en,synthetic,7
"My main problem is feeling worthless, for over 3 months.",S029,depression,moderate,Low,en,synthetic,5
trying for a baby without success.,S026,infertility,critical,Critical,en-KE,synthetic,9
The problem I have is that told I have a cyst.,S028,pelvic_mass_sensation,moderate,Moderate,en-KE,synthetic,7
I told the doctor that hard to pass stool during period.,S011,constipation_cyclical,critical,High,en,synthetic,6
Since I was young I have had no one believed me.,S038,previous_misdiagnosis,moderate,Moderate,en-KE,synthetic,6
My experience is that siku zangu za mwezi ni za maumivu.,S001,dysmenorrhoea,critical,Critical,sw,synthetic,10
The problem I have is that cannot walk properly during period.,S019,leg_pain_sciatica,severe,Moderate,en,synthetic,7
I am here because shooting pain in leg during period.,S019,leg_pain_sciatica,moderate,Moderate,en,synthetic,7
I have mild blood after intercourse.,S008,post_coital_bleeding,mild,Low,en,synthetic,5
For the past few months I have had red urine every period.,S016,haematuria,severe,High,en,synthetic,8
I came to the clinic because of stomach upset with period.,S012,diarrhoea_cyclical,severe,Moderate,en,synthetic,5
I told the doctor that pain wakes me at night.,S031,sleep_disturbance,mild,Low,en,synthetic,4
I want you to know that severe pain every time I urinate during period.,S015,dysuria,severe,Moderate,en,synthetic,7
I am here because CS scar painful during period.,S035,scar_endometriosis,mild,Low,en-KE,synthetic,7
I told the doctor that my period is too much.,S005,heavy_menstrual_bleeding,mild,Low,en-KE,synthetic,7
I have had random bleeding since I was a teenager.,S004,intermenstrual_bleeding,severe,Moderate,en,synthetic,6
I have been dealing with told I am exaggerating for a while now.,S038,previous_misdiagnosis,moderate,Moderate,en,synthetic,6
"I cannot work properly because of unbearable chronic pelvic pain, since I was 13 years old.",S002,chronic_pelvic_pain,critical,Critical,en,synthetic,10
My main problem is excruciating bleeding through clothes.,S005,heavy_menstrual_bleeding,critical,High,en,synthetic,7
My main problem is pain affects my relationship.,S037,relationship_social_impact,critical,High,en,synthetic,5
I want you to know that have to wear loose clothes.,S014,bloating_abdominal,moderate,Low,en,synthetic,5
My main problem is hip aches sometimes.,S021,hip_groin_pain,mild,Low,en,synthetic,6
I want you to know that old caesarean scar hurts during period.,S035,scar_endometriosis,mild,Low,en,synthetic,7
Every month I suffer from running stomach during period.,S012,diarrhoea_cyclical,critical,High,en-KE,synthetic,5
I am struggling with slightly low blood count.,S023,anaemia,mild,Low,en,synthetic,6
"I experience fainted regularly, for 2 months now.",S001,dysmenorrhoea,critical,Critical,en,synthetic,10
I am here because blood in stool during period.,S010,rectal_bleeding,mild,Moderate,en,synthetic,8
I experience cannot pass anything regularly.,S011,constipation_cyclical,critical,High,en,synthetic,6
Sijui nifanye nini kuhusu kuumwa unapokojoa.,S015,dysuria,critical,High,sw,synthetic,7
I came to the clinic because of some period stops me working.,S036,work_school_absence,mild,Low,en,synthetic,7
Every month I suffer from pain passing urine.,S015,dysuria,mild,Low,en-KE,synthetic,7
I have running stomach during period and it is really affecting me.,S012,diarrhoea_cyclical,critical,High,en-KE,synthetic,5
I want you to know that pain when going to the toilet.,S009,dyschezia,critical,Critical,en-KE,synthetic,9
I want you to know that period has ruined my relationship.,S037,relationship_social_impact,critical,High,en,synthetic,5
I cannot work properly because of painful defecation.,S009,dyschezia,moderate,Moderate,en,synthetic,9
"I experience dysmenorrhoea regularly, for 2 years.",S001,dysmenorrhoea,severe,High,en,synthetic,10
Nimekuwa na kuumwa unapokwenda chooni kwa muda mrefu.,S009,dyschezia,critical,Critical,sw,synthetic,9
I have come to see the doctor because of low blood.,S023,anaemia,critical,High,en-KE,synthetic,6
I experience fever every period regularly.,S024,fever_cyclical,moderate,Low,en,synthetic,5
My main problem is scar painful cyclically.,S035,scar_endometriosis,mild,Low,en,synthetic,7
Nimekuwa na sijapata mimba ingawa ninajaribu kwa muda mrefu.,S026,infertility,critical,Critical,sw,synthetic,9
"I have been dealing with slight chronic pelvic pain for a while now, for about 12 months.",S002,chronic_pelvic_pain,mild,Moderate,en,synthetic,10
I experience period makes me vomit regularly.,S013,nausea_vomiting_cyclical,moderate,Moderate,en,synthetic,6
My main problem is trying for 6-12 months.,S026,infertility,mild,Moderate,en,synthetic,9
I am here because my back is in agony during my period.,S018,lower_back_pain,mild,Low,en-KE,synthetic,7
scar swells and hurts during period.,S035,scar_endometriosis,moderate,Moderate,en,synthetic,7
"I told the doctor that siku zangu za mwezi ni za maumivu, for about 12 months.",S001,dysmenorrhoea,critical,Critical,sw,synthetic,10
I told the doctor that pain when going to the toilet.,S009,dyschezia,severe,High,en-KE,synthetic,9
I told the doctor that feel like I always need to pee.,S017,urinary_frequency,mild,Low,en,synthetic,5
"I want you to know that pain even when I am not on my period, for about 3 months.",S002,chronic_pelvic_pain,mild,Moderate,en,synthetic,10
I experience had blood transfusion regularly.,S023,anaemia,critical,High,en,synthetic,6
I want you to know that CS scar painful during period.,S035,scar_endometriosis,severe,Moderate,en-KE,synthetic,7
Nimekuwa na mgongo unaniuma kwa muda mrefu.,S018,lower_back_pain,critical,High,sw,synthetic,7
I told the doctor that hospital for coughing blood during period.,S033,catamenial_haemoptysis,severe,High,en,synthetic,8
I came to the clinic because of cannot breathe during period.,S032,catamenial_pneumothorax,critical,Critical,en,synthetic,9
I have been dealing with regular stomach upset with period for a while now.,S012,diarrhoea_cyclical,moderate,Low,en,synthetic,5
"My experience is that siku zangu za mwezi ni za maumivu, since I was 16 years old.",S001,dysmenorrhoea,mild,Moderate,sw,synthetic,10
I need help with no one believed me.,S038,previous_misdiagnosis,critical,High,en-KE,synthetic,6
Nimekuwa na tumbo la chini linauma kwa muda mrefu.,S002,chronic_pelvic_pain,severe,High,sw,synthetic,10
I told the doctor that kuhisi kichefuchefu wakati wa hedhi.,S013,nausea_vomiting_cyclical,critical,High,sw,synthetic,6
I came to the clinic because of extreme leg weakness during period.,S019,leg_pain_sciatica,critical,High,en,synthetic,7
"My experience is that miss school from period pain, since I was 20 years old.",S036,work_school_absence,severe,Moderate,en-KE,synthetic,7
I experience pelvic pressure regularly.,S028,pelvic_mass_sensation,mild,Low,en,synthetic,7
My main problem is light spotting sometimes.,S004,intermenstrual_bleeding,mild,Low,en,synthetic,6
I told the doctor that kuhisi kichefuchefu wakati wa hedhi.,S013,nausea_vomiting_cyclical,mild,Low,sw,synthetic,6
I have been dealing with shoulder aches during period for a while now.,S020,shoulder_tip_pain,mild,Low,en,synthetic,6
I have come to see the doctor because of running stomach during period.,S012,diarrhoea_cyclical,mild,Low,en-KE,synthetic,5
For the past few months I have had unbearable low blood.,S023,anaemia,critical,High,en,synthetic,6
CS scar painful during period.,S035,scar_endometriosis,critical,High,en-KE,synthetic,7
mgongo unaniuma wakati wa hedhi.,S018,lower_back_pain,severe,Moderate,en,synthetic,7
I told the doctor that pink or red urine during period.,S016,haematuria,mild,Moderate,en,synthetic,8
My experience is that blood when not on period.,S004,intermenstrual_bleeding,mild,Low,en-KE,synthetic,6
The problem I have is that slight pain when going toilet on period.,S009,dyschezia,mild,Moderate,en,synthetic,9
My experience is that miss school from period pain.,S036,work_school_absence,moderate,Moderate,en-KE,synthetic,7
The problem I have is that bleed from back passage during period.,S010,rectal_bleeding,moderate,Moderate,en,synthetic,8
I told the doctor that told it is just period pain.,S038,previous_misdiagnosis,critical,High,en-KE,synthetic,6
I have had regular it hurts to urinate since I was a teenager.,S015,dysuria,moderate,Moderate,en,synthetic,7
I have look pregnant from bloating.,S014,bloating_abdominal,severe,Moderate,en,synthetic,5
Tatizo langu kuu ni mgongo unaniuma.,S018,lower_back_pain,mild,Low,sw,synthetic,7
I want you to know that my period makes me stay in bed.,S001,dysmenorrhoea,mild,Moderate,en-KE,synthetic,10
I want you to know that blood in urine every period.,S016,haematuria,moderate,Moderate,en,synthetic,8
"My experience is that need to rest more than I should, for the past 12 months.",S022,fatigue_chronic,moderate,Moderate,en,synthetic,7
Sijui nifanye nini kuhusu damu kidogo mwilini.,S023,anaemia,severe,Moderate,sw,synthetic,6
I have scar bleeds during period.,S035,scar_endometriosis,severe,Moderate,en,synthetic,7
I told the doctor that hard to pass stool during period.,S011,constipation_cyclical,moderate,Moderate,en,synthetic,6
I experience large clots regularly.,S005,heavy_menstrual_bleeding,severe,Moderate,en,synthetic,7
I have had have to rest since I was a teenager.,S001,dysmenorrhoea,moderate,High,en,synthetic,10
I have stomach swells up and it is really affecting me.,S014,bloating_abdominal,severe,Moderate,en-KE,synthetic,5
I am here because pelvic pain a week before my period.,S003,premenstrual_pain,moderate,Moderate,en,synthetic,7
For the past few months I have had intense loose stools during period.,S012,diarrhoea_cyclical,severe,Moderate,en,synthetic,5
Nilikuja hospitalini kwa sababu ya sijapata mimba ingawa ninajaribu.,S026,infertility,critical,Critical,sw,synthetic,9
I told the doctor that need to pee all the time.,S017,urinary_frequency,mild,Low,en,synthetic,5
My experience is that in pain most of the month.,S003,premenstrual_pain,critical,High,en,synthetic,7
I want you to know that my back is in agony during my period.,S018,lower_back_pain,critical,High,en-KE,synthetic,7
"I want you to know that cannot work because I am so tired, for the past 2 months.",S022,fatigue_chronic,severe,Moderate,en,synthetic,7
soak through pad in an hour.,S005,heavy_menstrual_bleeding,severe,Moderate,en,synthetic,7
My experience is that pain wakes me at night.,S031,sleep_disturbance,critical,Moderate,en,synthetic,4
For the past few months I have had not pregnant yet.,S026,infertility,mild,Moderate,en,synthetic,9
The problem I have is that hot and sweaty during period.,S024,fever_cyclical,critical,High,en,synthetic,5
I am here because I cannot function during my period.,S001,dysmenorrhoea,severe,High,en-KE,synthetic,10
back aches a bit during period.,S018,lower_back_pain,mild,Low,en,synthetic,7
I am here because tummy blows up around period.,S014,bloating_abdominal,mild,Low,en,synthetic,5
I told the doctor that swelling at belly button during period.,S034,umbilical_pain_bleeding,critical,High,en,synthetic,8
Nina kuumwa unapokwenda chooni.,S009,dyschezia,severe,High,sw,synthetic,9
I came to the clinic because of scar aches during period.,S035,scar_endometriosis,mild,Low,en,synthetic,7
I cannot work properly because of feel down sometimes.,S029,depression,mild,Low,en,synthetic,5
I have changing pad every hour and it is really affecting me.,S005,heavy_menstrual_bleeding,critical,High,en-KE,synthetic,7
I am here because kuhisi kichefuchefu wakati wa hedhi.,S013,nausea_vomiting_cyclical,critical,High,sw,synthetic,6
Nimekuwa na dawa hazisaidii maumivu yangu kwa muda mrefu.,S038,previous_misdiagnosis,severe,Moderate,sw,synthetic,6
"I am here because miss school from period pain, for 3 months now.",S036,work_school_absence,mild,Low,en-KE,synthetic,7
I want you to know that told I have a cyst.,S028,pelvic_mass_sensation,moderate,Moderate,en-KE,synthetic,7
miss school from period pain.,S036,work_school_absence,moderate,Moderate,en-KE,synthetic,7
I want you to know that I avoid sex because it hurts.,S006,dyspareunia_deep,severe,High,en-KE,synthetic,9
"My experience is that I cannot function during my period, for 12 months now.",S001,dysmenorrhoea,critical,Critical,en-KE,synthetic,10
The problem I have is that cannot sleep well most nights.,S031,sleep_disturbance,severe,Moderate,en,synthetic,4
swelling at belly button during period.,S034,umbilical_pain_bleeding,severe,High,en,synthetic,8
I have had heavier than usual since I was a teenager.,S005,heavy_menstrual_bleeding,mild,Low,en,synthetic,7
withdraw from social life regularly.,S037,relationship_social_impact,moderate,Low,en,synthetic,5
"I have anxiety is disabling, for about 36 months.",S030,anxiety,severe,Moderate,en,synthetic,4
My experience is that take days off for period.,S036,work_school_absence,mild,Low,en,synthetic,7
For the past few months I have had dysmenorrhoea.,S001,dysmenorrhoea,mild,Moderate,en,synthetic,10
"Doctor, I have cannot stand up straight and I do not know what to do.",S018,lower_back_pain,severe,Moderate,en,synthetic,7
I have running stomach during period and it is really affecting me.,S012,diarrhoea_cyclical,moderate,Low,en-KE,synthetic,5
Nina dawa hazisaidii maumivu yangu.,S038,previous_misdiagnosis,mild,Low,sw,synthetic,6
My experience is that belly button pain during period.,S034,umbilical_pain_bleeding,mild,Moderate,en,synthetic,8
"Doctor, I have severe cannot tolerate penetration and I do not know what to do.",S007,dyspareunia_superficial,severe,Moderate,en,synthetic,6
Sijui nifanye nini kuhusu sijapata mimba ingawa ninajaribu.,S026,infertility,severe,High,sw,synthetic,9
The problem I have is that I avoid sex because it hurts.,S006,dyspareunia_deep,critical,Critical,en-KE,synthetic,9
I experience very bad bad cramps regularly.,S001,dysmenorrhoea,severe,High,en,synthetic,10
My main problem is fever during period.,S024,fever_cyclical,severe,Moderate,en,synthetic,5
Nimekuwa nikilalamika kuhusu dawa hazisaidii maumivu yangu.,S038,previous_misdiagnosis,critical,High,sw,synthetic,6
My experience is that I cannot be intimate with my partner.,S037,relationship_social_impact,mild,Low,en,synthetic,5
"For the past few months I have had intense constant pelvic pain, for 6 years.",S002,chronic_pelvic_pain,severe,High,en,synthetic,10
I have had leg pain during period since I was a teenager.,S019,leg_pain_sciatica,critical,High,en,synthetic,7
The problem I have is that CS scar painful during period.,S035,scar_endometriosis,critical,High,en-KE,synthetic,7
"Doctor, I have dysuria and I do not know what to do.",S015,dysuria,moderate,Moderate,en,synthetic,7
"I am struggling with no social life anymore, for about 3 months.",S037,relationship_social_impact,severe,Moderate,en,synthetic,5
"I have been dealing with feeling depressed for a while now, for the past 6 months.",S029,depression,mild,Low,en,synthetic,5
My main problem is endo belly.,S014,bloating_abdominal,severe,Moderate,en,synthetic,5
My main problem is anaemia from bleeding.,S004,intermenstrual_bleeding,critical,High,en,synthetic,6
"Doctor, I have need laxatives and I do not know what to do.",S011,constipation_cyclical,moderate,Moderate,en,synthetic,6
I want you to know that blood when not on period.,S004,intermenstrual_bleeding,severe,Moderate,en-KE,synthetic,6
My main problem is mild endo belly.,S014,bloating_abdominal,mild,Low,en,synthetic,5
I want you to know that pelvic pain a week before my period.,S003,premenstrual_pain,mild,Low,en,synthetic,7
My experience is that sometimes bleed a little after sex.,S008,post_coital_bleeding,mild,Low,en,synthetic,5
For the past few months I have had unbearable bloody urine.,S016,haematuria,critical,High,en,synthetic,8
I have had vomiting during period since I was a teenager.,S013,nausea_vomiting_cyclical,severe,Moderate,en,synthetic,6
I told the doctor that need to pee all the time.,S017,urinary_frequency,severe,Moderate,en,synthetic,5
Nimekuwa nikilalamika kuhusu maumivu wakati wa kujamiiana.,S006,dyspareunia_deep,severe,High,sw,synthetic,9
"Doctor, I have stomach gets very big and I do not know what to do.",S014,bloating_abdominal,moderate,Low,en,synthetic,5
I want you to know that right shoulder pain during period.,S020,shoulder_tip_pain,critical,High,en,synthetic,6
I am here because doctors keep sending me away.,S038,previous_misdiagnosis,moderate,Moderate,en,synthetic,6
"The problem I have is that miss 2-3 days every period, for 6 years.",S036,work_school_absence,moderate,Moderate,en,synthetic,7
I have intense loose stools during period.,S012,diarrhoea_cyclical,severe,Moderate,en,synthetic,5
My experience is that my period is too much.,S005,heavy_menstrual_bleeding,moderate,Moderate,en-KE,synthetic,7
I am struggling with catheter needed.,S017,urinary_frequency,critical,High,en,synthetic,5
"The problem I have is that siku zangu za mwezi ni za maumivu, for 3 months now.",S001,dysmenorrhoea,mild,Moderate,sw,synthetic,10
I told the doctor that swelling at belly button during period.,S034,umbilical_pain_bleeding,mild,Moderate,en,synthetic,8
I cannot work properly because of moderate pain in groin area.,S021,hip_groin_pain,moderate,Moderate,en,synthetic,6
Nimekuwa na damu nyingi sana kwa muda mrefu.,S005,heavy_menstrual_bleeding,moderate,Moderate,sw,synthetic,7
My main problem is some spotting after sex.,S008,post_coital_bleeding,mild,Low,en,synthetic,5
I experience treated for wrong thing regularly.,S038,previous_misdiagnosis,moderate,Moderate,en,synthetic,6
Sijui nifanye nini kuhusu kuumwa unapokojoa.,S015,dysuria,severe,Moderate,sw,synthetic,7
Tatizo langu kuu ni maumivu wakati wa kujamiiana.,S006,dyspareunia_deep,moderate,Moderate,sw,synthetic,9
I am here because pain at the beginning of sex.,S007,dyspareunia_superficial,severe,Moderate,en,synthetic,6
I experience occasional pain during sex regularly.,S006,dyspareunia_deep,mild,Moderate,en,synthetic,9
Sijui nifanye nini kuhusu maumivu ya nyonga.,S002,chronic_pelvic_pain,severe,High,sw,synthetic,10
I told the doctor that blood in stool during period.,S010,rectal_bleeding,severe,High,en,synthetic,8
I cannot work properly because of severe pain affects my relationship.,S037,relationship_social_impact,severe,Moderate,en,synthetic,5
I have extreme clots during period.,S005,heavy_menstrual_bleeding,critical,High,en,synthetic,7
I told the doctor that I avoid sex because it hurts.,S006,dyspareunia_deep,moderate,Moderate,en-KE,synthetic,9
I told the doctor that trying for a baby without success.,S026,infertility,moderate,Moderate,en-KE,synthetic,9
I am here because period pains so bad I faint.,S001,dysmenorrhoea,mild,Moderate,en,synthetic,10
emergency hospital for blood in urine.,S016,haematuria,critical,High,en,synthetic,8
Sijui nifanye nini kuhusu damu nyingi sana.,S005,heavy_menstrual_bleeding,severe,Moderate,sw,synthetic,7
I want you to know that one doctor visit with no answer.,S038,previous_misdiagnosis,mild,Low,en,synthetic,6
"I cannot work properly because of exhausted from poor sleep, for 2 months now.",S031,sleep_disturbance,severe,Moderate,en,synthetic,4
"My experience is that miss school from period pain, for 36 years.",S036,work_school_absence,moderate,Moderate,en-KE,synthetic,7
I cannot work properly because of surgery for lung collapse.,S032,catamenial_pneumothorax,critical,Critical,en,synthetic,9
blood when I go to the toilet during my period.,S010,rectal_bleeding,critical,High,en,synthetic,8
For the past few months I have had dizzy from pain.,S025,fainting_syncope,mild,Moderate,en,synthetic,8
I am here because pain even when I am not on my period.,S002,chronic_pelvic_pain,mild,Moderate,en-KE,synthetic,10
"Doctor, I have dismissed by doctor and I do not know what to do.",S038,previous_misdiagnosis,moderate,Moderate,en,synthetic,6
I cannot work properly because of anaemia from bleeding.,S004,intermenstrual_bleeding,critical,High,en,synthetic,6
I came to the clinic because of occasional menorrhagia.,S005,heavy_menstrual_bleeding,mild,Low,en,synthetic,7
I am here because trying for a baby without success.,S026,infertility,mild,Moderate,en-KE,synthetic,9
Nimekuwa na sijapata mimba ingawa ninajaribu kwa muda mrefu.,S026,infertility,moderate,Moderate,sw,synthetic,9
I have chest tight during period.,S032,catamenial_pneumothorax,mild,Moderate,en,synthetic,9
"Nimekuwa na nimechoka sana kila wakati kwa muda mrefu, for 12 months now.",S022,fatigue_chronic,critical,High,sw,synthetic,7
bleed from back passage during period.,S010,rectal_bleeding,moderate,Moderate,en,synthetic,8
I want you to know that told I have a cyst.,S028,pelvic_mass_sensation,severe,Moderate,en-KE,synthetic,7
pain shoots down my legs.,S018,lower_back_pain,critical,High,en,synthetic,7
My main problem is serious heavy periods.,S005,heavy_menstrual_bleeding,severe,Moderate,en,synthetic,7
Nimekuwa nikilalamika kuhusu maumivu ya hedhi.,S001,dysmenorrhoea,severe,High,sw,synthetic,10
I have had excruciating tired all the time since I was a teenager.,S022,fatigue_chronic,critical,High,en,synthetic,7
I have been dealing with occasional pain has isolated me for a while now.,S037,relationship_social_impact,mild,Low,en,synthetic,5
I am struggling with exhaustion.,S022,fatigue_chronic,moderate,Moderate,en,synthetic,7
I told the doctor that have to brace for it.,S009,dyschezia,moderate,Moderate,en,synthetic,9
I am struggling with scared about the pain.,S030,anxiety,critical,Moderate,en,synthetic,4
I experience regular burning when I pee regularly.,S015,dysuria,moderate,Moderate,en,synthetic,7
I want you to know that pelvic pain a week before my period.,S003,premenstrual_pain,critical,High,en,synthetic,7
my back is in agony during my period.,S018,lower_back_pain,severe,Moderate,en-KE,synthetic,7
I experience severe burning during sex regularly.,S007,dyspareunia_superficial,severe,Moderate,en,synthetic,6
I told the doctor that siku zangu za mwezi ni za maumivu.,S001,dysmenorrhoea,critical,Critical,sw,synthetic,10
blood in stool during period.,S010,rectal_bleeding,mild,Moderate,en,synthetic,8
I have been dealing with severe look pregnant from bloating for a while now.,S014,bloating_abdominal,severe,Moderate,en,synthetic,5
I experience occasional lower back pain regularly.,S018,lower_back_pain,mild,Low,en,synthetic,7
The problem I have is that CS scar painful during period.,S035,scar_endometriosis,mild,Low,en,synthetic,7
I have had slight anaemia since I was a teenager.,S023,anaemia,mild,Low,en,synthetic,6
I experience vomit during period regularly.,S013,nausea_vomiting_cyclical,severe,Moderate,en,synthetic,6
I am struggling with bleeding after sex.,S008,post_coital_bleeding,severe,Moderate,en,synthetic,5
I came to the clinic because of slight bleeding after sex.,S008,post_coital_bleeding,mild,Low,en,synthetic,5
I am here because trying for a baby without success.,S026,infertility,critical,Critical,en-KE,synthetic,9
My main problem is cough blood during period.,S033,catamenial_haemoptysis,moderate,Moderate,en,synthetic,8
I need help with pain passing urine.,S015,dysuria,severe,Moderate,en-KE,synthetic,7
feel wiped out all the time.,S022,fatigue_chronic,moderate,Moderate,en,synthetic,7
I told the doctor that CS scar painful during period.,S035,scar_endometriosis,moderate,Moderate,en-KE,synthetic,7
I want you to know that urine looks red during period.,S016,haematuria,moderate,Moderate,en,synthetic,8
I told the doctor that old caesarean scar hurts during period.,S035,scar_endometriosis,moderate,Moderate,en,synthetic,7
Nimekuwa na kuumwa unapokojoa kwa muda mrefu.,S015,dysuria,severe,Moderate,sw,synthetic,7
"I want you to know that my period makes me stay in bed, since I was 13 years old.",S001,dysmenorrhoea,moderate,High,en-KE,synthetic,10
The problem I have is that trying for a baby without success.,S026,infertility,severe,High,en-KE,synthetic,9
My experience is that CS scar painful during period.,S035,scar_endometriosis,critical,High,en-KE,synthetic,7
My experience is that told it is just period pain.,S038,previous_misdiagnosis,moderate,Moderate,en,synthetic,6
I have been dealing with damu nyingi sana for a while now.,S005,heavy_menstrual_bleeding,severe,Moderate,en,synthetic,7
I want you to know that heavy rectal bleeding every period.,S010,rectal_bleeding,severe,High,en,synthetic,8
Since I was young I have had stomach upset with period.,S012,diarrhoea_cyclical,critical,High,en-KE,synthetic,5
For the past few months I have had mild sex is painful.,S006,dyspareunia_deep,mild,Moderate,en,synthetic,9
I want you to know that pelvic pain a week before my period.,S003,premenstrual_pain,moderate,Moderate,en,synthetic,7
I have had diarrhoea every period since I was a teenager.,S012,diarrhoea_cyclical,moderate,Low,en,synthetic,5
I have running stomach during period and it is really affecting me.,S012,diarrhoea_cyclical,mild,Low,en-KE,synthetic,5
I have severe feel feverish during period.,S024,fever_cyclical,severe,Moderate,en,synthetic,5
I came to the clinic because of pain when passing urine.,S015,dysuria,moderate,Moderate,en,synthetic,7
I have come to see the doctor because of changing pad every hour.,S005,heavy_menstrual_bleeding,moderate,Moderate,en-KE,synthetic,7
The problem I have is that I cannot function during my period.,S001,dysmenorrhoea,mild,Moderate,en-KE,synthetic,10
I have come to see the doctor because of running stomach during period.,S012,diarrhoea_cyclical,critical,High,en-KE,synthetic,5
I have been dealing with unbearable anaemia for a while now.,S023,anaemia,critical,High,en,synthetic,6
I am struggling with very bad pain that starts early.,S003,premenstrual_pain,severe,Moderate,en,synthetic,7
For the past few months I have had chest tightness with period.,S032,catamenial_pneumothorax,critical,Critical,en,synthetic,9
"The problem I have is that period has ruined my relationship, for the past 3 months.",S037,relationship_social_impact,moderate,Low,en,synthetic,5
Nimekuwa nikilalamika kuhusu nimechoka sana kila wakati.,S022,fatigue_chronic,severe,Moderate,sw,synthetic,7
I have cancel plans sometimes.,S037,relationship_social_impact,mild,Low,en,synthetic,5
Nimekuwa na dawa hazisaidii maumivu yangu kwa muda mrefu.,S038,previous_misdiagnosis,critical,High,sw,synthetic,6
I told the doctor that kuhisi kichefuchefu wakati wa hedhi.,S013,nausea_vomiting_cyclical,moderate,Moderate,sw,synthetic,6
I want you to know that suffering for years with no diagnosis.,S038,previous_misdiagnosis,critical,High,en,synthetic,6
Nilikuja hospitalini kwa sababu ya sijapata mimba ingawa ninajaribu.,S026,infertility,severe,High,sw,synthetic,9
pee a bit more during period.,S017,urinary_frequency,mild,Low,en,synthetic,5
"Doctor, I have coughing blood during period and I do not know what to do.",S033,catamenial_haemoptysis,moderate,Moderate,en,synthetic,8
My main problem is feel like giving up.,S029,depression,moderate,Low,en,synthetic,5
I am here because I avoid sex because it hurts.,S006,dyspareunia_deep,mild,Moderate,en,synthetic,9
I cannot work properly because of losing consciousness during period.,S025,fainting_syncope,moderate,Moderate,en,synthetic,8
I told the doctor that my back is in agony during my period.,S018,lower_back_pain,critical,High,en-KE,synthetic,7
blood when not on period.,S004,intermenstrual_bleeding,mild,Low,en-KE,synthetic,6
I am here because my period makes me stay in bed.,S001,dysmenorrhoea,severe,High,en-KE,synthetic,10
My experience is that it hurts to poop especially during my period.,S009,dyschezia,mild,Moderate,en,synthetic,9
I have frequent urination.,S017,urinary_frequency,mild,Low,en,synthetic,5
I have been dealing with extreme deep pain during intercourse for a while now.,S006,dyspareunia_deep,critical,Critical,en,synthetic,9
I am here because slight pain when going toilet on period.,S009,dyschezia,mild,Moderate,en,synthetic,9
Nimekuwa nikilalamika kuhusu kuzimia kutokana na maumivu.,S025,fainting_syncope,mild,Moderate,sw,synthetic,8
Nilikuja hospitalini kwa sababu ya mgongo unaniuma.,S018,lower_back_pain,critical,High,sw,synthetic,7
I want you to know that sijawahi pata mtoto ingawa ninajaribu.,S026,infertility,mild,Moderate,sw,synthetic,9
I want you to know that have to brace for it.,S009,dyschezia,moderate,Moderate,en,synthetic,9
I have had hip aches sometimes since I was a teenager.,S021,hip_groin_pain,mild,Low,en,synthetic,6
Sijui nifanye nini kuhusu mgongo unaniuma.,S018,lower_back_pain,severe,Moderate,sw,synthetic,7
I need help with stomach upset with period.,S012,diarrhoea_cyclical,moderate,Low,en-KE,synthetic,5
The problem I have is that avoid sex because of pain.,S006,dyspareunia_deep,severe,High,en,synthetic,9
I am struggling with pain passing stool.,S009,dyschezia,critical,Critical,en,synthetic,9
I came to the clinic because of feel feverish during period.,S024,fever_cyclical,critical,High,en,synthetic,5
I am here because cannot leave toilet during period.,S012,diarrhoea_cyclical,severe,Moderate,en,synthetic,5
The problem I have is that pain in bladder when urinating.,S015,dysuria,severe,Moderate,en,synthetic,7
I have significant chest tightness with period.,S032,catamenial_pneumothorax,moderate,Moderate,en,synthetic,9
I have been dealing with more tired during period for a while now.,S022,fatigue_chronic,mild,Low,en,synthetic,7
"I came to the clinic because of exhausted from poor sleep, since I was 13 years old.",S031,sleep_disturbance,severe,Moderate,en,synthetic,4
Sijui nifanye nini kuhusu hedhi nyingi sana.,S005,heavy_menstrual_bleeding,moderate,Moderate,sw,synthetic,7
I am here because told I have a cyst.,S028,pelvic_mass_sensation,critical,High,en,synthetic,7
cannot do anything because I am tired.,S022,fatigue_chronic,severe,Moderate,en,synthetic,7
I have been dealing with rolling on the floor for a while now.,S001,dysmenorrhoea,critical,Critical,en,synthetic,10
I experience scar aches during period regularly.,S035,scar_endometriosis,mild,Low,en,synthetic,7
I have had unbearable told I am anaemic since I was a teenager.,S023,anaemia,critical,High,en,synthetic,6
My experience is that slight pink tinge to urine during period.,S016,haematuria,mild,Moderate,en,synthetic,8
I came to the clinic because of cannot breathe during period.,S032,catamenial_pneumothorax,severe,High,en,synthetic,9
cycle is all over the place.,S027,irregular_periods,severe,Moderate,en,synthetic,5
Since I was young I have had running stomach during period.,S012,diarrhoea_cyclical,severe,Moderate,en-KE,synthetic,5
I want you to know that kuhisi kichefuchefu wakati wa hedhi.,S013,nausea_vomiting_cyclical,mild,Low,sw,synthetic,6
Sijui nifanye nini kuhusu nimechoka sana kila wakati.,S022,fatigue_chronic,moderate,Moderate,sw,synthetic,7
"I told the doctor that sudden severe pain, possible cyst rupture.",S028,pelvic_mass_sensation,critical,High,en,synthetic,7
The problem I have is that pressure on bladder and bowel.,S028,pelvic_mass_sensation,severe,Moderate,en,synthetic,7
"Tatizo langu kuu ni maumivu ya nyonga, for 6 years.",S002,chronic_pelvic_pain,critical,Critical,sw,synthetic,10
I came to the clinic because of miss school during period.,S036,work_school_absence,moderate,Moderate,en,synthetic,7
I have anxiety.,S030,anxiety,mild,Low,en,synthetic,4
I told the doctor that I dread going to the toilet during my period.,S009,dyschezia,mild,Moderate,en,synthetic,9
Sijui nifanye nini kuhusu kuumwa unapokwenda chooni.,S009,dyschezia,critical,Critical,sw,synthetic,9
Sijui nifanye nini kuhusu sijapata mimba ingawa ninajaribu.,S026,infertility,critical,Critical,sw,synthetic,9
I have been dealing with exhausted from poor sleep for a while now.,S031,sleep_disturbance,severe,Moderate,en,synthetic,4
The problem I have is that pain when going to the toilet.,S009,dyschezia,moderate,Moderate,en-KE,synthetic,9
I am here because I avoid sex because it hurts.,S006,dyspareunia_deep,mild,Moderate,en-KE,synthetic,9
I have slight cannot sleep from pain.,S031,sleep_disturbance,mild,Low,en,synthetic,4
"Doctor, I have burning when I pee and I do not know what to do.",S015,dysuria,mild,Low,en,synthetic,7
I told the doctor that hard to pass stool during period.,S011,constipation_cyclical,mild,Low,en,synthetic,6
swelling at belly button during period.,S034,umbilical_pain_bleeding,critical,High,en,synthetic,8
I have had heavy periods since I was a teenager.,S005,heavy_menstrual_bleeding,mild,Low,en,synthetic,7
I experience avoid going to toilet regularly.,S009,dyschezia,severe,High,en,synthetic,9
I am here because feeling of fullness in pelvis.,S028,pelvic_mass_sensation,moderate,Moderate,en,synthetic,7
I told the doctor that cannot go to toilet without crying.,S009,dyschezia,critical,Critical,en,synthetic,9
doctors keep sending me away.,S038,previous_misdiagnosis,severe,Moderate,en-KE,synthetic,6
"pain even when I am not on my period, for the past 6 months.",S002,chronic_pelvic_pain,mild,Moderate,en-KE,synthetic,10
I have bleeding constantly.,S027,irregular_periods,critical,High,en,synthetic,5
I bleed even when it is not my time.,S004,intermenstrual_bleeding,critical,High,en,synthetic,6
I cannot work properly because of intense miss school during period.,S036,work_school_absence,severe,Moderate,en,synthetic,7
The problem I have is that hot and sweaty during period.,S024,fever_cyclical,severe,Moderate,en,synthetic,5
heavy rectal bleeding every period.,S010,rectal_bleeding,severe,High,en,synthetic,8
I experience bleeding after sex regularly.,S008,post_coital_bleeding,moderate,Low,en,synthetic,5
belly button bleeds during period.,S034,umbilical_pain_bleeding,mild,Moderate,en,synthetic,8
"Doctor, I have red urine every period and I do not know what to do.",S016,haematuria,severe,High,en,synthetic,8
I have been dealing with vomit during period for a while now.,S013,nausea_vomiting_cyclical,severe,Moderate,en,synthetic,6
I have had temperature during period since I was a teenager.,S024,fever_cyclical,mild,Low,en,synthetic,5
The problem I have is that cannot have sex at all.,S006,dyspareunia_deep,critical,Critical,en,synthetic,9
I experience pelvic pressure sometimes regularly.,S028,pelvic_mass_sensation,mild,Low,en,synthetic,7
I experience irregular periods regularly.,S027,irregular_periods,moderate,Low,en,synthetic,5
I told the doctor that lost job because of period pain.,S036,work_school_absence,critical,High,en,synthetic,7
Since I was young I have had low blood.,S023,anaemia,critical,High,en-KE,synthetic,6
For the past few months I have had excruciating draining feeling.,S022,fatigue_chronic,critical,High,en,synthetic,7
I have been dealing with chest tightness with period for a while now.,S032,catamenial_pneumothorax,mild,Moderate,en,synthetic,9
slight discomfort sometimes during sex.,S006,dyspareunia_deep,mild,Moderate,en,synthetic,9
I told the doctor that trying for a baby without success.,S026,infertility,mild,Moderate,en-KE,synthetic,9
I need help with changing pad every hour.,S005,heavy_menstrual_bleeding,critical,High,en-KE,synthetic,7
Nina tumbo la chini linauma.,S002,chronic_pelvic_pain,critical,Critical,sw,synthetic,10
My experience is that bleeding in the middle of my cycle.,S004,intermenstrual_bleeding,moderate,Moderate,en,synthetic,6
"I am here because pain even when I am not on my period, since I was 13 years old.",S002,chronic_pelvic_pain,critical,Critical,en-KE,synthetic,10
I experience blood in pee regularly.,S016,haematuria,critical,High,en,synthetic,8
"For the past few months I have had more tired during period, for about 6 months.",S022,fatigue_chronic,mild,Low,en,synthetic,7
"My experience is that pain even when I am not on my period, for over 24 months.",S002,chronic_pelvic_pain,critical,Critical,en-KE,synthetic,10
"I came to the clinic because of exhaustion, for 2 months now.",S022,fatigue_chronic,mild,Low,en,synthetic,7
My experience is that feel something in my pelvis.,S028,pelvic_mass_sensation,moderate,Moderate,en,synthetic,7
Since I was young I have had running stomach during period.,S012,diarrhoea_cyclical,moderate,Low,en-KE,synthetic,5
I have been dealing with bleed between periods regularly for a while now.,S004,intermenstrual_bleeding,moderate,Moderate,en,synthetic,6
I need help with running stomach during period.,S012,diarrhoea_cyclical,severe,Moderate,en-KE,synthetic,5
I came to the clinic because of serious scar painful cyclically.,S035,scar_endometriosis,severe,Moderate,en,synthetic,7
pain when going to the toilet.,S009,dyschezia,moderate,Moderate,en-KE,synthetic,9
I have had occasional treated for something else since I was a teenager.,S038,previous_misdiagnosis,mild,Low,en,synthetic,6
"I have had slight menstrual cramps since I was a teenager, for 2 years.",S001,dysmenorrhoea,mild,Moderate,en,synthetic,10
I am struggling with slightly feverish during period.,S024,fever_cyclical,mild,Low,en,synthetic,5
For the past few months I have had soaking through pads.,S005,heavy_menstrual_bleeding,critical,High,en,synthetic,7
I have stomach swells up and it is really affecting me.,S014,bloating_abdominal,critical,High,en-KE,synthetic,5
Tatizo langu kuu ni mgongo unaniuma.,S018,lower_back_pain,severe,Moderate,sw,synthetic,7
I want you to know that trying for over a year.,S026,infertility,moderate,Moderate,en,synthetic,9
Nimekuwa nikilalamika kuhusu dawa hazisaidii maumivu yangu.,S038,previous_misdiagnosis,mild,Low,sw,synthetic,6
I need help with low blood.,S023,anaemia,moderate,Moderate,en-KE,synthetic,6
Nimekuwa nikilalamika kuhusu kuumwa unapokwenda chooni.,S009,dyschezia,moderate,Moderate,sw,synthetic,9
I am here because I cannot function during my period.,S001,dysmenorrhoea,critical,Critical,en-KE,synthetic,10
The problem I have is that feeling of fullness in pelvis.,S028,pelvic_mass_sensation,severe,Moderate,en,synthetic,7
I have had very heavy bleeding since I was a teenager.,S005,heavy_menstrual_bleeding,critical,High,en,synthetic,7
I want you to know that CS scar painful during period.,S035,scar_endometriosis,moderate,Moderate,en-KE,synthetic,7
Nina kuumwa unapokwenda chooni.,S009,dyschezia,mild,Moderate,sw,synthetic,9
I need help with changing pad every hour.,S005,heavy_menstrual_bleeding,mild,Low,en-KE,synthetic,7
"I am here because I cannot be intimate with my partner, for about 6 months.",S037,relationship_social_impact,severe,Moderate,en,synthetic,5
Nilikuja hospitalini kwa sababu ya kujamiiana kunauma.,S006,dyspareunia_deep,mild,Moderate,sw,synthetic,9
"I want you to know that pain even when I am not on my period, for over 36 months.",S002,chronic_pelvic_pain,moderate,High,en-KE,synthetic,10
"My main problem is cannot sleep from pain, for 2 months now.",S031,sleep_disturbance,moderate,Low,en,synthetic,4
Sijui nifanye nini kuhusu kuzimia kutokana na maumivu.,S025,fainting_syncope,severe,High,sw,synthetic,8
Tatizo langu kuu ni kuzimia kutokana na maumivu.,S025,fainting_syncope,severe,High,sw,synthetic,8
I want you to know that caesarean scar hurts during period.,S035,scar_endometriosis,severe,Moderate,en,synthetic,7
"I have been dealing with panicking for a while now, since I was 16 years old.",S030,anxiety,critical,Moderate,en,synthetic,4
I want you to know that going dizzy and faint from pain.,S025,fainting_syncope,severe,High,en,synthetic,8
I came to the clinic because of menstrual cramps.,S001,dysmenorrhoea,moderate,High,en,synthetic,10
my back is in agony during my period.,S018,lower_back_pain,critical,High,en-KE,synthetic,7
I am here because throw up from period pain.,S013,nausea_vomiting_cyclical,moderate,Moderate,en,synthetic,6
Nimekuwa na uchovu kupita kiasi kwa muda mrefu.,S022,fatigue_chronic,severe,Moderate,sw,synthetic,7
I am here because caesarean scar hurts during period.,S035,scar_endometriosis,severe,Moderate,en,synthetic,7
My main problem is need laxatives.,S011,constipation_cyclical,moderate,Moderate,en,synthetic,6
"Doctor, I have fainted multiple times and I do not know what to do.",S025,fainting_syncope,critical,High,en,synthetic,8
Since I was young I have had running stomach during period.,S012,diarrhoea_cyclical,mild,Low,en-KE,synthetic,5
Sijui nifanye nini kuhusu maumivu ya hedhi.,S001,dysmenorrhoea,moderate,High,sw,synthetic,10
I am struggling with very bad chest tightness with period.,S032,catamenial_pneumothorax,severe,High,en,synthetic,9
I am here because told it is just period pain.,S038,previous_misdiagnosis,moderate,Moderate,en-KE,synthetic,6
The problem I have is that at risk of losing job.,S036,work_school_absence,severe,Moderate,en,synthetic,7
I told the doctor that pressure on bladder and bowel.,S028,pelvic_mass_sensation,severe,Moderate,en,synthetic,7
The problem I have is that right shoulder pain during period.,S020,shoulder_tip_pain,severe,Moderate,en,synthetic,6
I experience slight pain day before regularly.,S003,premenstrual_pain,mild,Low,en,synthetic,7
I want you to know that bloating and constipation with period.,S011,constipation_cyclical,mild,Low,en,synthetic,6
I came to the clinic because of pain most days.,S002,chronic_pelvic_pain,moderate,High,en,synthetic,10
"Doctor, I have fever during period and I do not know what to do.",S024,fever_cyclical,mild,Low,en,synthetic,5
Every month I suffer from pain passing urine.,S015,dysuria,critical,High,en-KE,synthetic,7
"Nilikuja hospitalini kwa sababu ya maumivu ya nyonga, for 36 years.",S002,chronic_pelvic_pain,mild,Moderate,sw,synthetic,10
I told the doctor that I bleed even when it is not my time.,S004,intermenstrual_bleeding,moderate,Moderate,en,synthetic,6
Tatizo langu kuu ni kuumwa unapokojoa.,S015,dysuria,mild,Low,sw,synthetic,7
"I want you to know that affects every part of my life, for 12 months now.",S002,chronic_pelvic_pain,critical,Critical,en,synthetic,10
I cannot work properly because of uncontrolled bleeding.,S004,intermenstrual_bleeding,critical,High,en,synthetic,6
Sijui nifanye nini kuhusu damu nyingi sana.,S005,heavy_menstrual_bleeding,critical,High,sw,synthetic,7
Nina sijapata mimba ingawa ninajaribu.,S026,infertility,severe,High,sw,synthetic,9
Nina damu nyingi sana.,S005,heavy_menstrual_bleeding,moderate,Moderate,sw,synthetic,7
I have been dealing with IVF failed for a while now.,S026,infertility,critical,Critical,en,synthetic,9
Sijui nifanye nini kuhusu damu kidogo mwilini.,S023,anaemia,moderate,Moderate,sw,synthetic,6
My experience is that siku zangu za mwezi ni za maumivu.,S001,dysmenorrhoea,severe,High,sw,synthetic,10
"Doctor, I have regular nausea with cramps and I do not know what to do.",S013,nausea_vomiting_cyclical,moderate,Moderate,en,synthetic,6
"For the past few months I have had vomiting from pain, for over 24 months.",S001,dysmenorrhoea,critical,Critical,en,synthetic,10
I am here because pain starts days before period.,S003,premenstrual_pain,severe,Moderate,en,synthetic,7
My experience is that discharge from belly button with period.,S034,umbilical_pain_bleeding,severe,High,en,synthetic,8
I experience excruciating feel feverish during period regularly.,S024,fever_cyclical,critical,High,en,synthetic,5
"I have nothing brings me joy, for the past 2 months.",S029,depression,severe,Moderate,en,synthetic,5
My main problem is unbearable blood clots during period.,S005,heavy_menstrual_bleeding,critical,High,en,synthetic,7
I came to the clinic because of significant lumbosacral pain.,S018,lower_back_pain,moderate,Moderate,en,synthetic,7
My experience is that blood in urine every period.,S016,haematuria,moderate,Moderate,en,synthetic,8
Nina damu kidogo mwilini.,S023,anaemia,critical,High,sw,synthetic,6
Since I was young I have had low blood.,S023,anaemia,moderate,Moderate,en-KE,synthetic,6
I have been dealing with going to toilet constantly for a while now.,S017,urinary_frequency,moderate,Low,en,synthetic,5
I told the doctor that one doctor visit with no answer.,S038,previous_misdiagnosis,mild,Low,en,synthetic,6
Nina hedhi inaniuma.,S001,dysmenorrhoea,severe,High,sw,synthetic,10
Sijui nifanye nini kuhusu uchovu kupita kiasi.,S022,fatigue_chronic,mild,Low,sw,synthetic,7
Nina maumivu ya nyonga.,S002,chronic_pelvic_pain,mild,Moderate,sw,synthetic,10
I have come to see the doctor because of no one believed me.,S038,previous_misdiagnosis,severe,Moderate,en-KE,synthetic,6
The problem I have is that miss school from period pain.,S036,work_school_absence,moderate,Moderate,en-KE,synthetic,7
"Doctor, I have blood after intercourse and I do not know what to do.",S008,post_coital_bleeding,severe,Moderate,en,synthetic,5
Nimekuwa na sijapata mimba ingawa ninajaribu kwa muda mrefu.,S026,infertility,severe,High,sw,synthetic,9
I told the doctor that sijawahi pata mtoto ingawa ninajaribu.,S026,infertility,moderate,Moderate,sw,synthetic,9
I cannot function during my period.,S001,dysmenorrhoea,critical,Critical,en-KE,synthetic,10
I have come to see the doctor because of stomach swells up.,S014,bloating_abdominal,moderate,Low,en-KE,synthetic,5
"Doctor, I have cannot hold my bladder and I do not know what to do.",S017,urinary_frequency,critical,High,en,synthetic,5
My experience is that hot and sweaty during period.,S024,fever_cyclical,moderate,Low,en,synthetic,5
Tatizo langu kuu ni kuumwa unapokwenda chooni.,S009,dyschezia,moderate,Moderate,sw,synthetic,9
hospital for infection during period.,S024,fever_cyclical,critical,High,en,synthetic,5
My experience is that my period makes me stay in bed.,S001,dysmenorrhoea,severe,High,en-KE,synthetic,10
I told the doctor that pain when going to the toilet.,S009,dyschezia,moderate,Moderate,en-KE,synthetic,9
I have come to see the doctor because of low blood.,S023,anaemia,moderate,Moderate,en-KE,synthetic,6
"my period is very painful, since I was 15 years old.",S001,dysmenorrhoea,moderate,High,en,synthetic,10
I have been dealing with very bad back pain during period for a while now.,S018,lower_back_pain,severe,Moderate,en,synthetic,7
I am struggling with blood after intercourse.,S008,post_coital_bleeding,critical,High,en,synthetic,5
I have significant period makes me vomit.,S013,nausea_vomiting_cyclical,moderate,Moderate,en,synthetic,6
I want you to know that cannot sleep well most nights.,S031,sleep_disturbance,severe,Moderate,en,synthetic,4
I experience sometimes loose during period regularly.,S012,diarrhoea_cyclical,mild,Low,en,synthetic,5
I came to the clinic because of bleeding from back passage.,S010,rectal_bleeding,critical,High,en,synthetic,8
Nina uchovu kupita kiasi.,S022,fatigue_chronic,severe,Moderate,sw,synthetic,7
"Doctor, I have unbearable night pain and I do not know what to do.",S031,sleep_disturbance,critical,Moderate,en,synthetic,4
I told the doctor that pain most times during sex.,S006,dyspareunia_deep,moderate,Moderate,en,synthetic,9
I have moderate leg pain during period.,S019,leg_pain_sciatica,moderate,Moderate,en,synthetic,7
throw up from period pain.,S013,nausea_vomiting_cyclical,mild,Low,en,synthetic,6
Since I was young I have had no one believed me.,S038,previous_misdiagnosis,critical,High,en-KE,synthetic,6
For the past few months I have had have to stop sometimes.,S006,dyspareunia_deep,moderate,Moderate,en,synthetic,9
I am here because my period makes me stay in bed.,S001,dysmenorrhoea,mild,Moderate,en-KE,synthetic,10
Tatizo langu kuu ni hedhi nyingi sana.,S005,heavy_menstrual_bleeding,critical,High,sw,synthetic,7
I came to the clinic because of serious period makes me vomit.,S013,nausea_vomiting_cyclical,severe,Moderate,en,synthetic,6
My main problem is mild miss work during period.,S036,work_school_absence,mild,Low,en,synthetic,7
Tatizo langu kuu ni kujamiiana kunauma.,S006,dyspareunia_deep,mild,Moderate,sw,synthetic,9
My main problem is groin pain.,S021,hip_groin_pain,severe,Moderate,en,synthetic,6
I have come to see the doctor because of low blood.,S023,anaemia,severe,Moderate,en-KE,synthetic,6
Nina maumivu wakati wa kujamiiana.,S006,dyspareunia_deep,severe,High,sw,synthetic,9
I want you to know that cough up blood with period.,S033,catamenial_haemoptysis,severe,High,en,synthetic,8
Nina dawa hazisaidii maumivu yangu.,S038,previous_misdiagnosis,severe,Moderate,sw,synthetic,6
I have very bad stomach upset with period.,S012,diarrhoea_cyclical,severe,Moderate,en,synthetic,5
Nimekuwa na kuzimia kutokana na maumivu kwa muda mrefu.,S025,fainting_syncope,severe,High,sw,synthetic,8
The problem I have is that feel like I always need to pee.,S017,urinary_frequency,mild,Low,en,synthetic,5
My experience is that kuhisi kichefuchefu wakati wa hedhi.,S013,nausea_vomiting_cyclical,mild,Low,sw,synthetic,6
"Doctor, I have stay in bed and I do not know what to do.",S001,dysmenorrhoea,severe,High,en,synthetic,10
Sijui nifanye nini kuhusu hedhi nyingi sana.,S005,heavy_menstrual_bleeding,critical,High,sw,synthetic,7
I have come to see the doctor because of running stomach during period.,S012,diarrhoea_cyclical,severe,Moderate,en-KE,synthetic,5
belly button painful and swollen during period.,S034,umbilical_pain_bleeding,moderate,Moderate,en,synthetic,8
I am here because cough up blood with period.,S033,catamenial_haemoptysis,mild,Moderate,en,synthetic,8
I want you to know that inner thigh pain during period.,S021,hip_groin_pain,moderate,Moderate,en,synthetic,6
I told the doctor that blood when not on period.,S004,intermenstrual_bleeding,moderate,Moderate,en-KE,synthetic,6
I want you to know that trying for a baby without success.,S026,infertility,mild,Moderate,en-KE,synthetic,9
For the past few months I have had intense blood after intercourse.,S008,post_coital_bleeding,severe,Moderate,en,synthetic,5
Sijui nifanye nini kuhusu sijapata mimba ingawa ninajaribu.,S026,infertility,moderate,Moderate,sw,synthetic,9
My experience is that CS scar painful during period.,S035,scar_endometriosis,moderate,Moderate,en-KE,synthetic,7
The problem I have is that blood in urine during period.,S015,dysuria,critical,High,en,synthetic,7
I told the doctor that told I have a cyst.,S028,pelvic_mass_sensation,critical,High,en-KE,synthetic,7
Nimekuwa nikilalamika kuhusu kuumwa unapokojoa.,S015,dysuria,severe,Moderate,sw,synthetic,7
Nina hedhi nyingi sana.,S005,heavy_menstrual_bleeding,mild,Low,sw,synthetic,7
My main problem is problems getting pregnant.,S026,infertility,critical,Critical,en,synthetic,9
I want you to know that I dread going to the toilet during my period.,S009,dyschezia,severe,High,en,synthetic,9
Nimekuwa nikilalamika kuhusu damu kidogo mwilini.,S023,anaemia,critical,High,sw,synthetic,6
The problem I have is that emergency coughing blood during period.,S033,catamenial_haemoptysis,critical,High,en,synthetic,8
Sijui nifanye nini kuhusu maumivu wakati wa kujamiiana.,S006,dyspareunia_deep,severe,High,sw,synthetic,9
Nimekuwa na damu kidogo mwilini kwa muda mrefu.,S023,anaemia,mild,Low,sw,synthetic,6
Nimekuwa nikilalamika kuhusu tumbo la chini linauma.,S002,chronic_pelvic_pain,severe,High,sw,synthetic,10
The problem I have is that pain shoots down my leg.,S019,leg_pain_sciatica,severe,Moderate,en,synthetic,7
I told the doctor that cannot go to toilet when on period.,S011,constipation_cyclical,moderate,Moderate,en,synthetic,6
"I am struggling with panicking, for the past 2 months.",S030,anxiety,mild,Low,en,synthetic,4
The problem I have is that no sleep for days from pain.,S031,sleep_disturbance,critical,Moderate,en,synthetic,4
I have stomach upset with period and it is really affecting me.,S012,diarrhoea_cyclical,critical,High,en-KE,synthetic,5
I am struggling with severe urinating frequently.,S017,urinary_frequency,severe,Moderate,en,synthetic,5
I want you to know that sijawahi pata mtoto ingawa ninajaribu.,S026,infertility,severe,High,sw,synthetic,9
The problem I have is that kuhisi kichefuchefu wakati wa hedhi.,S013,nausea_vomiting_cyclical,critical,High,sw,synthetic,6
The problem I have is that kuhisi kichefuchefu wakati wa hedhi.,S013,nausea_vomiting_cyclical,severe,Moderate,sw,synthetic,6
I am struggling with stomach gets very big.,S014,bloating_abdominal,moderate,Low,en,synthetic,5
limp from hip pain during period.,S021,hip_groin_pain,severe,Moderate,en,synthetic,6
I experience burning during sex regularly.,S007,dyspareunia_superficial,critical,High,en,synthetic,6
The problem I have is that blood in phlegm during period.,S033,catamenial_haemoptysis,mild,Moderate,en,synthetic,8
I cannot work properly because of emergency surgery for cyst.,S028,pelvic_mass_sensation,critical,High,en,synthetic,7
I came to the clinic because of back ache with period.,S018,lower_back_pain,severe,Moderate,en,synthetic,7
I told the doctor that bleed from back passage during period.,S010,rectal_bleeding,moderate,Moderate,en,synthetic,8
I cannot work properly because of cannot pass anything.,S011,constipation_cyclical,critical,High,en,synthetic,6
I came to the clinic because of noticeable coughing blood during period.,S032,catamenial_pneumothorax,moderate,Moderate,en,synthetic,9
I am here because going dizzy and faint from pain.,S025,fainting_syncope,severe,High,en,synthetic,8
I want you to know that belly button pain during period.,S034,umbilical_pain_bleeding,mild,Moderate,en,synthetic,8
I want you to know that cannot pass urine from pain.,S015,dysuria,critical,High,en,synthetic,7
I want you to know that cannot walk from back pain.,S018,lower_back_pain,critical,High,en,synthetic,7
I have had damu nyingi sana since I was a teenager.,S005,heavy_menstrual_bleeding,mild,Low,en,synthetic,7
"The problem I have is that pain even when I am not on my period, since I was 19 years old.",S002,chronic_pelvic_pain,mild,Moderate,en-KE,synthetic,10
"pain even when I am not on my period, for about 24 months.",S002,chronic_pelvic_pain,severe,High,en-KE,synthetic,10
"My experience is that miss school from period pain, for 6 years.",S036,work_school_absence,moderate,Moderate,en-KE,synthetic,7
I came to the clinic because of painful periods.,S001,dysmenorrhoea,mild,Moderate,en,synthetic,10
My experience is that afraid to go far from toilet.,S017,urinary_frequency,severe,Moderate,en,synthetic,5
Tatizo langu kuu ni hedhi nyingi sana.,S005,heavy_menstrual_bleeding,severe,Moderate,sw,synthetic,7
Sijui nifanye nini kuhusu damu nyingi sana.,S005,heavy_menstrual_bleeding,mild,Low,sw,synthetic,7
Every month I suffer from changing pad every hour.,S005,heavy_menstrual_bleeding,mild,Low,en-KE,synthetic,7
I have had surgery for lung collapse since I was a teenager.,S032,catamenial_pneumothorax,critical,Critical,en,synthetic,9
"Nilikuja hospitalini kwa sababu ya maumivu ya nyonga, for over 3 months.",S002,chronic_pelvic_pain,critical,Critical,sw,synthetic,10
"My experience is that my period affects my job, for the past 36 months.",S036,work_school_absence,severe,Moderate,en,synthetic,7
I have been dealing with need lubrication for a while now.,S007,dyspareunia_superficial,moderate,Moderate,en,synthetic,6
My experience is that my time of the month is unbearable.,S001,dysmenorrhoea,mild,Moderate,en,synthetic,10
My experience is that my period is too much.,S005,heavy_menstrual_bleeding,severe,Moderate,en-KE,synthetic,7
I am here because belly button bleeds during period.,S034,umbilical_pain_bleeding,severe,High,en,synthetic,8
My experience is that old caesarean scar hurts during period.,S035,scar_endometriosis,moderate,Moderate,en,synthetic,7
Nina kuzimia kutokana na maumivu.,S025,fainting_syncope,severe,High,sw,synthetic,8
I have low blood and it is really affecting me.,S023,anaemia,severe,Moderate,en-KE,synthetic,6
"Doctor, I have mild chocolate cyst and I do not know what to do.",S028,pelvic_mass_sensation,mild,Low,en,synthetic,7
I have been dealing with bowel movements are painful for a while now.,S009,dyschezia,severe,High,en,synthetic,9
For the past few months I have had cannot breathe during period.,S032,catamenial_pneumothorax,moderate,Moderate,en,synthetic,9
I have had excruciating uchovu kupita kiasi since I was a teenager.,S022,fatigue_chronic,critical,High,en,synthetic,7
"I have had pain affects my relationship since I was a teenager, since I was 20 years old.",S037,relationship_social_impact,moderate,Low,en,synthetic,5
I cannot work properly because of draining feeling.,S022,fatigue_chronic,moderate,Moderate,en,synthetic,7
I came to the clinic because of cannot breathe during period.,S032,catamenial_pneumothorax,moderate,Moderate,en,synthetic,9
I came to the clinic because of period makes me vomit.,S013,nausea_vomiting_cyclical,critical,High,en,synthetic,6
told it is just period pain.,S038,previous_misdiagnosis,moderate,Moderate,en-KE,synthetic,6
For the past few months I have had temperature during period.,S024,fever_cyclical,severe,Moderate,en,synthetic,5
Nimekuwa na nimechoka sana kila wakati kwa muda mrefu.,S022,fatigue_chronic,severe,Moderate,sw,synthetic,7
The problem I have is that legs feel heavy during period.,S019,leg_pain_sciatica,mild,Low,en,synthetic,7
I am struggling with severe spotting.,S004,intermenstrual_bleeding,severe,Moderate,en,synthetic,6
For the past few months I have had completely alone.,S037,relationship_social_impact,critical,High,en,synthetic,5
I am struggling with excruciating breathing problems during period.,S032,catamenial_pneumothorax,critical,Critical,en,synthetic,9
I am here because pain when going to the toilet.,S009,dyschezia,mild,Moderate,en-KE,synthetic,9
Nimekuwa nikilalamika kuhusu damu nyingi sana.,S005,heavy_menstrual_bleeding,critical,High,sw,synthetic,7
I told the doctor that terrible pain every time I go.,S009,dyschezia,severe,High,en,synthetic,9
My main problem is unbearable pain during sex.,S006,dyspareunia_deep,critical,Critical,en,synthetic,9
I am struggling with irregular periods.,S027,irregular_periods,severe,Moderate,en,synthetic,5
pain builds up before period.,S003,premenstrual_pain,severe,Moderate,en,synthetic,7
Nimekuwa nikilalamika kuhusu hedhi nyingi sana.,S005,heavy_menstrual_bleeding,moderate,Moderate,sw,synthetic,7
"I have been dealing with excruciating fatigue for a while now, for 2 years.",S022,fatigue_chronic,critical,High,en,synthetic,7
The problem I have is that belly button uncomfortable during period.,S034,umbilical_pain_bleeding,mild,Moderate,en,synthetic,8
Nina kujamiiana kunauma.,S006,dyspareunia_deep,moderate,Moderate,sw,synthetic,9
The problem I have is that going dizzy and faint from pain.,S025,fainting_syncope,moderate,Moderate,en,synthetic,8
I am here because hot and sweaty during period.,S024,fever_cyclical,moderate,Low,en,synthetic,5
I came to the clinic because of shoulder pain every period.,S020,shoulder_tip_pain,moderate,Moderate,en,synthetic,6
I have been dealing with pain in groin area for a while now.,S021,hip_groin_pain,severe,Moderate,en,synthetic,6
I cannot work properly because of emergency after sex bleeding.,S008,post_coital_bleeding,critical,High,en,synthetic,5
I have scar painful cyclically.,S035,scar_endometriosis,moderate,Moderate,en,synthetic,7
I need help with no one believed me.,S038,previous_misdiagnosis,moderate,Moderate,en-KE,synthetic,6
Nina damu kidogo mwilini.,S023,anaemia,severe,Moderate,sw,synthetic,6
I am struggling with nausea during period.,S013,nausea_vomiting_cyclical,moderate,Moderate,en,synthetic,6
My experience is that heavy rectal bleeding every period.,S010,rectal_bleeding,severe,High,en,synthetic,8
I want you to know that cycle is 2 months sometimes.,S027,irregular_periods,severe,Moderate,en,synthetic,5
I am struggling with in bed from exhaustion.,S022,fatigue_chronic,severe,Moderate,en,synthetic,7
I have come to see the doctor because of pain passing urine.,S015,dysuria,moderate,Moderate,en-KE,synthetic,7
I want you to know that miss school from period pain.,S036,work_school_absence,mild,Low,en-KE,synthetic,7
Nimekuwa na kuumwa unapokwenda chooni kwa muda mrefu.,S009,dyschezia,moderate,Moderate,sw,synthetic,9
Sijui nifanye nini kuhusu kujamiiana kunauma.,S006,dyspareunia_deep,mild,Moderate,sw,synthetic,9
I cannot work properly because of bad cramps.,S001,dysmenorrhoea,moderate,High,en,synthetic,10
"Doctor, I have hospitalised for anaemia and I do not know what to do.",S023,anaemia,critical,High,en,synthetic,6
I want you to know that cannot leave toilet during period.,S012,diarrhoea_cyclical,severe,Moderate,en,synthetic,5
Nimekuwa na maumivu wakati wa kujamiiana kwa muda mrefu.,S006,dyspareunia_deep,critical,Critical,sw,synthetic,9
I am here because limp from hip pain during period.,S021,hip_groin_pain,severe,Moderate,en,synthetic,6
Nilikuja hospitalini kwa sababu ya dawa hazisaidii maumivu yangu.,S038,previous_misdiagnosis,severe,Moderate,sw,synthetic,6
I need help with stomach upset with period.,S012,diarrhoea_cyclical,severe,Moderate,en-KE,synthetic,5
Nina tumbo la chini linauma.,S002,chronic_pelvic_pain,moderate,High,sw,synthetic,10
I need help with changing pad every hour.,S005,heavy_menstrual_bleeding,moderate,Moderate,en-KE,synthetic,7
Tatizo langu kuu ni uchovu kupita kiasi.,S022,fatigue_chronic,critical,High,sw,synthetic,7
My main problem is going to toilet constantly.,S017,urinary_frequency,moderate,Low,en,synthetic,5
Nilikuja hospitalini kwa sababu ya damu kidogo mwilini.,S023,anaemia,severe,Moderate,sw,synthetic,6
I have been dealing with chronic pelvic pain for a while now.,S002,chronic_pelvic_pain,moderate,High,en,synthetic,10
"Doctor, I have slight pain day before and I do not know what to do.",S003,premenstrual_pain,mild,Low,en,synthetic,7
I have been dealing with some stomach upset with period for a while now.,S012,diarrhoea_cyclical,mild,Low,en,synthetic,5
"I am here because miss school from period pain, for 24 years.",S036,work_school_absence,moderate,Moderate,en-KE,synthetic,7
The problem I have is that right shoulder pain during period.,S020,shoulder_tip_pain,mild,Low,en,synthetic,6
I am here because pain builds up before period.,S003,premenstrual_pain,mild,Low,en,synthetic,7
Nilikuja hospitalini kwa sababu ya sijapata mimba ingawa ninajaribu.,S026,infertility,moderate,Moderate,sw,synthetic,9
The problem I have is that I avoid sex because it hurts.,S006,dyspareunia_deep,moderate,Moderate,en-KE,synthetic,9
I want you to know that I avoid sex because it hurts.,S006,dyspareunia_deep,mild,Moderate,en-KE,synthetic,9
I came to the clinic because of trying for 2-3 years.,S026,infertility,severe,High,en,synthetic,9
I have had extreme bleeding from back passage since I was a teenager.,S010,rectal_bleeding,critical,High,en,synthetic,8
I want you to know that lump in belly button requiring surgery.,S034,umbilical_pain_bleeding,critical,High,en,synthetic,8
"Nimekuwa na maumivu ya nyonga kwa muda mrefu, for 24 years.",S002,chronic_pelvic_pain,moderate,High,sw,synthetic,10
need to pee all the time.,S017,urinary_frequency,moderate,Low,en,synthetic,5
I have heavy clots.,S005,heavy_menstrual_bleeding,moderate,Moderate,en,synthetic,7
Tatizo langu kuu ni damu nyingi sana.,S005,heavy_menstrual_bleeding,critical,High,sw,synthetic,7
I have come to see the doctor because of pain passing urine.,S015,dysuria,mild,Low,en-KE,synthetic,7
The problem I have is that suffering for years with no diagnosis.,S038,previous_misdiagnosis,critical,High,en,synthetic,6
My experience is that I cannot function during my period.,S001,dysmenorrhoea,mild,Moderate,en-KE,synthetic,10
I have had frequent urination since I was a teenager.,S017,urinary_frequency,severe,Moderate,en,synthetic,5
I want you to know that sijawahi pata mtoto ingawa ninajaribu.,S026,infertility,critical,Critical,sw,synthetic,9
shooting pain in leg during period.,S019,leg_pain_sciatica,moderate,Moderate,en,synthetic,7
Nimekuwa nikilalamika kuhusu hedhi nyingi sana.,S005,heavy_menstrual_bleeding,severe,Moderate,sw,synthetic,7
I want you to know that blood when not on period.,S004,intermenstrual_bleeding,critical,High,en-KE,synthetic,6
I want you to know that blood in phlegm during period.,S033,catamenial_haemoptysis,mild,Moderate,en,synthetic,8
I told the doctor that told I have a cyst.,S028,pelvic_mass_sensation,moderate,Moderate,en-KE,synthetic,7
I cannot work properly because of slight stomach upset with period.,S012,diarrhoea_cyclical,mild,Low,en,synthetic,5
Sijui nifanye nini kuhusu dawa hazisaidii maumivu yangu.,S038,previous_misdiagnosis,mild,Low,sw,synthetic,6
"Doctor, I have blood in pee and I do not know what to do.",S016,haematuria,critical,High,en,synthetic,8
I experience going to toilet constantly regularly.,S017,urinary_frequency,moderate,Low,en,synthetic,5
I have had serious bleeding after sex since I was a teenager.,S008,post_coital_bleeding,severe,Moderate,en,synthetic,5
I am here because miss school from period pain.,S036,work_school_absence,severe,Moderate,en-KE,synthetic,7
I told the doctor that legs feel heavy during period.,S019,leg_pain_sciatica,mild,Low,en,synthetic,7
The problem I have is that kuhisi kichefuchefu wakati wa hedhi.,S013,nausea_vomiting_cyclical,moderate,Moderate,sw,synthetic,6
I want you to know that CS scar painful during period.,S035,scar_endometriosis,critical,High,en-KE,synthetic,7
Nimekuwa nikilalamika kuhusu damu kidogo mwilini.,S023,anaemia,moderate,Moderate,sw,synthetic,6
I have been dealing with regular coughing blood during period for a while now.,S033,catamenial_haemoptysis,moderate,Moderate,en,synthetic,8
Nimekuwa nikilalamika kuhusu kujamiiana kunauma.,S006,dyspareunia_deep,moderate,Moderate,sw,synthetic,9
I told the doctor that sijawahi pata mtoto ingawa ninajaribu.,S026,infertility,mild,Moderate,sw,synthetic,9
CS scar painful during period.,S035,scar_endometriosis,moderate,Moderate,en-KE,synthetic,7
I want you to know that told it is just period pain.,S038,previous_misdiagnosis,mild,Low,en,synthetic,6
lump in scar that hurts during period.,S035,scar_endometriosis,moderate,Moderate,en,synthetic,7
Tatizo langu kuu ni damu nyingi sana.,S005,heavy_menstrual_bleeding,severe,Moderate,sw,synthetic,7
I cannot work properly because of losing consciousness during period.,S025,fainting_syncope,mild,Moderate,en,synthetic,8
The problem I have is that cannot walk from hip pain.,S021,hip_groin_pain,critical,High,en,synthetic,6
kuhisi kichefuchefu wakati wa hedhi.,S013,nausea_vomiting_cyclical,moderate,Moderate,sw,synthetic,6
Nina damu kidogo mwilini.,S023,anaemia,moderate,Moderate,sw,synthetic,6
I want you to know that bloating and constipation with period.,S011,constipation_cyclical,severe,Moderate,en,synthetic,6
I told the doctor that numbness in leg during period.,S019,leg_pain_sciatica,mild,Low,en,synthetic,7
My experience is that pain when going to the toilet.,S009,dyschezia,moderate,Moderate,en-KE,synthetic,9
Nilikuja hospitalini kwa sababu ya kuzimia kutokana na maumivu.,S025,fainting_syncope,critical,High,sw,synthetic,8
The problem I have is that trying for a baby without success.,S026,infertility,critical,Critical,en-KE,synthetic,9
Nina kuumwa unapokwenda chooni.,S009,dyschezia,critical,Critical,sw,synthetic,9
Every month I suffer from pain passing urine.,S015,dysuria,severe,Moderate,en-KE,synthetic,7
I cannot work properly because of moderate spotting.,S004,intermenstrual_bleeding,moderate,Moderate,en,synthetic,6
I am here because occasional blood when going toilet during period.,S010,rectal_bleeding,mild,Moderate,en,synthetic,8
I want you to know that I cannot function during my period.,S001,dysmenorrhoea,mild,Moderate,en-KE,synthetic,10
I have been dealing with stomach swells up for a while now.,S014,bloating_abdominal,severe,Moderate,en,synthetic,5
Nilikuja hospitalini kwa sababu ya kuumwa unapokojoa.,S015,dysuria,mild,Low,sw,synthetic,7
I told the doctor that cannot breathe deeply during period.,S020,shoulder_tip_pain,critical,High,en,synthetic,6
told I have a cyst.,S028,pelvic_mass_sensation,moderate,Moderate,en-KE,synthetic,7
I am struggling with heavier than usual.,S005,heavy_menstrual_bleeding,mild,Low,en,synthetic,7
my back is in agony during my period.,S018,lower_back_pain,mild,Low,en-KE,synthetic,7
My main problem is regular tingling in leg.,S019,leg_pain_sciatica,moderate,Moderate,en,synthetic,7
I want you to know that pain wakes me at night.,S031,sleep_disturbance,severe,Moderate,en,synthetic,4
I need help with low blood.,S023,anaemia,critical,High,en-KE,synthetic,6
I want you to know that my period is too much.,S005,heavy_menstrual_bleeding,severe,Moderate,en-KE,synthetic,7
Nilikuja hospitalini kwa sababu ya mgongo unaniuma.,S018,lower_back_pain,moderate,Moderate,sw,synthetic,7
My experience is that pain in bladder when urinating.,S015,dysuria,moderate,Moderate,en,synthetic,7
"I have been dealing with went to hospital for a while now, for the past 12 months.",S001,dysmenorrhoea,critical,Critical,en,synthetic,10
I told the doctor that blood when not on period.,S004,intermenstrual_bleeding,mild,Low,en-KE,synthetic,6
Tatizo langu kuu ni kuumwa unapokojoa.,S015,dysuria,severe,Moderate,sw,synthetic,7
I told the doctor that cannot have sex because of pain.,S006,dyspareunia_deep,moderate,Moderate,en,synthetic,9
Nina hedhi nyingi sana.,S005,heavy_menstrual_bleeding,severe,Moderate,sw,synthetic,7
My experience is that blood when not on period.,S004,intermenstrual_bleeding,moderate,Moderate,en-KE,synthetic,6
My experience is that told I have a cyst.,S028,pelvic_mass_sensation,moderate,Moderate,en-KE,synthetic,7
My main problem is leg weakness during period.,S019,leg_pain_sciatica,mild,Low,en,synthetic,7
For the past few months I have had very heavy bleeding.,S005,heavy_menstrual_bleeding,severe,Moderate,en,synthetic,7
My experience is that lost everything from this condition.,S037,relationship_social_impact,critical,High,en,synthetic,5
I experience extreme ovarian cyst regularly.,S028,pelvic_mass_sensation,critical,High,en,synthetic,7
blood when not on period.,S004,intermenstrual_bleeding,severe,Moderate,en-KE,synthetic,6
I experience intense vomiting during period regularly.,S013,nausea_vomiting_cyclical,severe,Moderate,en,synthetic,6
I told the doctor that pain in my lower belly.,S002,chronic_pelvic_pain,severe,High,en-KE,synthetic,10
I am struggling with infertility.,S026,infertility,severe,High,en,synthetic,9
I have pain passing urine and it is really affecting me.,S015,dysuria,moderate,Moderate,en-KE,synthetic,7
I have been dealing with pain that starts early for a while now.,S003,premenstrual_pain,severe,Moderate,en,synthetic,7
"Sijui nifanye nini kuhusu maumivu ya nyonga, for about 36 months.",S002,chronic_pelvic_pain,severe,High,sw,synthetic,10
The problem I have is that told it is just period pain.,S038,previous_misdiagnosis,mild,Low,en-KE,synthetic,6
"Doctor, I have something feels different inside and I do not know what to do.",S028,pelvic_mass_sensation,mild,Low,en,synthetic,7
My main problem is hip pain every period.,S021,hip_groin_pain,moderate,Moderate,en,synthetic,6
Tatizo langu kuu ni mgongo unaniuma.,S018,lower_back_pain,critical,High,sw,synthetic,7
miss school from period pain.,S036,work_school_absence,mild,Low,en-KE,synthetic,7
I want you to know that trying for a baby without success.,S026,infertility,severe,High,en-KE,synthetic,9
I told the doctor that emergency hospital for blood in urine.,S016,haematuria,critical,High,en,synthetic,8
I am here because hard to pass stool during period.,S011,constipation_cyclical,severe,Moderate,en,synthetic,6
I am struggling with cannot tolerate penetration.,S007,dyspareunia_superficial,severe,Moderate,en,synthetic,6
I am here because going dizzy and faint from pain.,S025,fainting_syncope,mild,Moderate,en,synthetic,8
I have slightly constipated during period.,S011,constipation_cyclical,mild,Low,en,synthetic,6
"Doctor, I have back ache with period and I do not know what to do.",S018,lower_back_pain,severe,Moderate,en,synthetic,7
right shoulder pain during period.,S020,shoulder_tip_pain,severe,Moderate,en,synthetic,6
I told the doctor that my back is in agony during my period.,S018,lower_back_pain,mild,Low,en-KE,synthetic,7
"I told the doctor that sometimes cannot sleep during period, for about 12 months.",S031,sleep_disturbance,mild,Low,en,synthetic,4
I came to the clinic because of misdiagnosed.,S038,previous_misdiagnosis,critical,High,en,synthetic,6
The problem I have is that avoid events because of pain.,S037,relationship_social_impact,critical,High,en,synthetic,5
I told the doctor that I avoid sex because it hurts.,S006,dyspareunia_deep,severe,High,en-KE,synthetic,9
The problem I have is that seen a doctor about fertility.,S026,infertility,moderate,Moderate,en,synthetic,9
Nimekuwa nikilalamika kuhusu dawa hazisaidii maumivu yangu.,S038,previous_misdiagnosis,severe,Moderate,sw,synthetic,6
"I told the doctor that siku zangu za mwezi ni za maumivu, since I was 14 years old.",S001,dysmenorrhoea,mild,Moderate,sw,synthetic,10
I am here because miss school from period pain.,S036,work_school_absence,mild,Low,en-KE,synthetic,7
Since I was young I have had low blood.,S023,anaemia,mild,Low,en-KE,synthetic,6
My experience is that inner thigh pain during period.,S021,hip_groin_pain,critical,High,en,synthetic,6
seen a doctor about fertility.,S026,infertility,moderate,Moderate,en,synthetic,9
I am here because cannot go for days during period.,S011,constipation_cyclical,severe,Moderate,en,synthetic,6
worst pain of my life.,S001,dysmenorrhoea,critical,Critical,en,synthetic,10
For the past few months I have had flooding periods.,S005,heavy_menstrual_bleeding,moderate,Moderate,en,synthetic,7
I want you to know that hospital for coughing blood during period.,S033,catamenial_haemoptysis,severe,High,en,synthetic,8
I have had running stomach during period since I was a teenager.,S012,diarrhoea_cyclical,moderate,Low,en,synthetic,5
I want you to know that miss school from period pain.,S036,work_school_absence,critical,High,en-KE,synthetic,7
I experience emergency rectal bleeding regularly.,S010,rectal_bleeding,critical,High,en,synthetic,8
I am struggling with mild dysuria.,S015,dysuria,mild,Low,en,synthetic,7
For the past few months I have had very bad bleeding after sex.,S008,post_coital_bleeding,severe,Moderate,en,synthetic,5
I told the doctor that pain in my lower back.,S018,lower_back_pain,moderate,Moderate,en,synthetic,7
"For the past few months I have had moderate feeling worthless, for over 36 months.",S029,depression,moderate,Low,en,synthetic,5
pain even when I am not on my period.,S002,chronic_pelvic_pain,moderate,High,en,synthetic,10
I am here because burning and pain at entry.,S007,dyspareunia_superficial,moderate,Moderate,en,synthetic,6
I want you to know that told I have a cyst.,S028,pelvic_mass_sensation,critical,High,en-KE,synthetic,7
"I have had extreme tiredness since I was a teenager, for 3 months now.",S022,fatigue_chronic,mild,Low,en,synthetic,7
cough up blood with period.,S033,catamenial_haemoptysis,critical,High,en,synthetic,8
My experience is that cycle is all over the place.,S027,irregular_periods,mild,Low,en,synthetic,5
I want you to know that shooting pain in leg during period.,S019,leg_pain_sciatica,moderate,Moderate,en,synthetic,7
afraid to go far from toilet.,S017,urinary_frequency,severe,Moderate,en,synthetic,5
I cannot work properly because of no one believed me.,S038,previous_misdiagnosis,mild,Low,en,synthetic,6
Every month I suffer from low blood.,S023,anaemia,severe,Moderate,en-KE,synthetic,6
I have come to see the doctor because of stomach swells up.,S014,bloating_abdominal,severe,Moderate,en-KE,synthetic,5
Nimekuwa na hedhi nyingi sana kwa muda mrefu.,S005,heavy_menstrual_bleeding,mild,Low,sw,synthetic,7
I have been dealing with discharge from scar for a while now.,S035,scar_endometriosis,severe,Moderate,en,synthetic,7
I have intense bleeding after sex.,S008,post_coital_bleeding,severe,Moderate,en,synthetic,5
Nimekuwa na uchovu kupita kiasi kwa muda mrefu.,S022,fatigue_chronic,critical,High,sw,synthetic,7
The problem I have is that pain at the base of my spine.,S018,lower_back_pain,moderate,Moderate,en,synthetic,7
CS scar painful during period.,S035,scar_endometriosis,moderate,Moderate,en,synthetic,7
"Doctor, I have sex always hurts and I do not know what to do.",S006,dyspareunia_deep,severe,High,en,synthetic,9
I am here because my period is too much.,S005,heavy_menstrual_bleeding,severe,Moderate,en-KE,synthetic,7
Tatizo langu kuu ni dawa hazisaidii maumivu yangu.,S038,previous_misdiagnosis,critical,High,sw,synthetic,6
miss school from period pain.,S036,work_school_absence,severe,Moderate,en-KE,synthetic,7
"pain that never goes away, since I was 17 years old.",S002,chronic_pelvic_pain,critical,Critical,en,synthetic,10
I came to the clinic because of had blood transfusion.,S023,anaemia,critical,High,en,synthetic,6
I told the doctor that no sleep for days from pain.,S031,sleep_disturbance,critical,Moderate,en,synthetic,4
Nimekuwa nikilalamika kuhusu hedhi nyingi sana.,S005,heavy_menstrual_bleeding,mild,Low,sw,synthetic,7
I have stomach upset with period and it is really affecting me.,S012,diarrhoea_cyclical,mild,Low,en-KE,synthetic,5
I experience bleeding from back passage regularly.,S010,rectal_bleeding,critical,High,en,synthetic,8
I want you to know that feel very ill during period.,S024,fever_cyclical,severe,Moderate,en,synthetic,5
I have had extreme pain that starts early since I was a teenager.,S003,premenstrual_pain,critical,High,en,synthetic,7
cannot walk from hip pain.,S021,hip_groin_pain,critical,High,en,synthetic,6
"Doctor, I have extreme urinating frequently and I do not know what to do.",S017,urinary_frequency,critical,High,en,synthetic,5
I am here because kuhisi kichefuchefu wakati wa hedhi.,S013,nausea_vomiting_cyclical,moderate,Moderate,sw,synthetic,6
Nina kuumwa unapokojoa.,S015,dysuria,critical,High,sw,synthetic,7
"Doctor, I have cannot tolerate penetration and I do not know what to do.",S007,dyspareunia_superficial,moderate,Moderate,en,synthetic,6
"Doctor, I have on medication for depression and I do not know what to do, for over 2 months.",S029,depression,severe,Moderate,en,synthetic,5
I need help with stomach swells up.,S014,bloating_abdominal,moderate,Low,en-KE,synthetic,5
I am struggling with very bad dysmenorrhoea.,S001,dysmenorrhoea,severe,High,en,synthetic,10
"Nina nimechoka sana kila wakati, for 2 months now.",S022,fatigue_chronic,moderate,Moderate,sw,synthetic,7
Nimekuwa nikilalamika kuhusu maumivu wakati wa kujamiiana.,S006,dyspareunia_deep,critical,Critical,sw,synthetic,9
I have been dealing with some bloody urine for a while now.,S016,haematuria,mild,Moderate,en,synthetic,8
I told the doctor that pain builds up before period.,S003,premenstrual_pain,critical,High,en,synthetic,7
My experience is that sijawahi pata mtoto ingawa ninajaribu.,S026,infertility,critical,Critical,sw,synthetic,9
I told the doctor that pain in shoulder tip with period.,S020,shoulder_tip_pain,critical,High,en,synthetic,6
The problem I have is that told I have a cyst.,S028,pelvic_mass_sensation,critical,High,en-KE,synthetic,7
I have had cannot keep food down since I was a teenager.,S013,nausea_vomiting_cyclical,severe,Moderate,en,synthetic,6
I am struggling with stomach swells up.,S014,bloating_abdominal,moderate,Low,en,synthetic,5
I want you to know that period comes at very different times.,S027,irregular_periods,moderate,Low,en,synthetic,5
I want you to know that my back is in agony during my period.,S018,lower_back_pain,moderate,Moderate,en-KE,synthetic,7
Nilikuja hospitalini kwa sababu ya maumivu ya hedhi.,S001,dysmenorrhoea,moderate,High,sw,synthetic,10
The problem I have is that hospital for vomiting during period.,S013,nausea_vomiting_cyclical,critical,High,en,synthetic,6
sometimes bleed a little after sex.,S008,post_coital_bleeding,mild,Low,en,synthetic,5
The problem I have is that my back is in agony during my period.,S018,lower_back_pain,severe,Moderate,en-KE,synthetic,7
I am struggling with cannot move my leg.,S019,leg_pain_sciatica,critical,High,en,synthetic,7
My experience is that sijawahi pata mtoto ingawa ninajaribu.,S026,infertility,severe,High,sw,synthetic,9
Sijui nifanye nini kuhusu kuumwa unapokwenda chooni.,S009,dyschezia,severe,High,sw,synthetic,9
I have been dealing with lower back pain for a while now.,S018,lower_back_pain,mild,Low,en,synthetic,7
I have been dealing with intense pain in my rectum for a while now.,S009,dyschezia,severe,High,en,synthetic,9
I am struggling with pain in my hip.,S021,hip_groin_pain,severe,Moderate,en,synthetic,6
The problem I have is that tummy blows up around period.,S014,bloating_abdominal,critical,High,en,synthetic,5
Nimekuwa na kujamiiana kunauma kwa muda mrefu.,S006,dyspareunia_deep,critical,Critical,sw,synthetic,9
Sijui nifanye nini kuhusu maumivu ya nyonga.,S002,chronic_pelvic_pain,critical,Critical,sw,synthetic,10
Nilikuja hospitalini kwa sababu ya kuumwa unapokojoa.,S015,dysuria,moderate,Moderate,sw,synthetic,7
I told the doctor that pain when going to the toilet.,S009,dyschezia,critical,Critical,en-KE,synthetic,9
kuhisi kichefuchefu wakati wa hedhi.,S013,nausea_vomiting_cyclical,severe,Moderate,sw,synthetic,6
I have had urgent need to pee since I was a teenager.,S017,urinary_frequency,moderate,Low,en,synthetic,5
"I told the doctor that need to rest more than I should, for 2 years.",S022,fatigue_chronic,moderate,Moderate,en,synthetic,7
Sijui nifanye nini kuhusu kuzimia kutokana na maumivu.,S025,fainting_syncope,mild,Moderate,sw,synthetic,8
Nimekuwa nikilalamika kuhusu kuumwa unapokwenda chooni.,S009,dyschezia,mild,Moderate,sw,synthetic,9
My experience is that pain starts a few days early.,S003,premenstrual_pain,moderate,Moderate,en,synthetic,7
Sijui nifanye nini kuhusu kujamiiana kunauma.,S006,dyspareunia_deep,moderate,Moderate,sw,synthetic,9
My main problem is blood in urine.,S016,haematuria,severe,High,en,synthetic,8
Nina kuumwa unapokwenda chooni.,S009,dyschezia,moderate,Moderate,sw,synthetic,9
I want you to know that blood when I go to the toilet during my period.,S010,rectal_bleeding,moderate,Moderate,en,synthetic,8
I told the doctor that I cannot function during my period.,S001,dysmenorrhoea,moderate,High,en-KE,synthetic,10
I told the doctor that feel something in my pelvis.,S028,pelvic_mass_sensation,moderate,Moderate,en,synthetic,7
I want you to know that pain shoots down my legs.,S018,lower_back_pain,critical,High,en,synthetic,7
I have no one believed me and it is really affecting me.,S038,previous_misdiagnosis,critical,High,en-KE,synthetic,6
I came to the clinic because of very uncomfortable.,S011,constipation_cyclical,severe,Moderate,en,synthetic,6
My main problem is fear about my fertility.,S030,anxiety,moderate,Low,en,synthetic,4
I am struggling with slightly constipated during period.,S011,constipation_cyclical,mild,Low,en,synthetic,6
I am here because lump in scar that hurts during period.,S035,scar_endometriosis,mild,Low,en,synthetic,7
Tatizo langu kuu ni damu kidogo mwilini.,S023,anaemia,mild,Low,sw,synthetic,6
I have been dealing with noticeable coughing blood during period for a while now.,S033,catamenial_haemoptysis,moderate,Moderate,en,synthetic,8
Tatizo langu kuu ni maumivu wakati wa kujamiiana.,S006,dyspareunia_deep,mild,Moderate,sw,synthetic,9
I have come to see the doctor because of no one believed me.,S038,previous_misdiagnosis,critical,High,en-KE,synthetic,6
I have been dealing with panicking for a while now.,S030,anxiety,critical,Moderate,en,synthetic,4
"Tatizo langu kuu ni uchovu kupita kiasi, for over 24 months.",S022,fatigue_chronic,severe,Moderate,sw,synthetic,7
I have been dealing with pelvic pressure sometimes for a while now.,S028,pelvic_mass_sensation,mild,Low,en,synthetic,7
The problem I have is that pain starts days before period.,S003,premenstrual_pain,mild,Low,en,synthetic,7
I have had significant menorrhagia since I was a teenager.,S005,heavy_menstrual_bleeding,moderate,Moderate,en,synthetic,7
Sijui nifanye nini kuhusu dawa hazisaidii maumivu yangu.,S038,previous_misdiagnosis,moderate,Moderate,sw,synthetic,6
The problem I have is that pain in shoulder tip with period.,S020,shoulder_tip_pain,moderate,Moderate,en,synthetic,6
I am here because cough up blood with period.,S033,catamenial_haemoptysis,moderate,Moderate,en,synthetic,8
I told the doctor that told I have a cyst.,S028,pelvic_mass_sensation,mild,Low,en-KE,synthetic,7
"I experience moderate period pain regularly, for 3 years.",S001,dysmenorrhoea,moderate,High,en,synthetic,10
"I have completely alone, for about 3 months.",S037,relationship_social_impact,critical,High,en,synthetic,5
I experience some dysuria regularly.,S015,dysuria,mild,Low,en,synthetic,7
I want you to know that cycle is all over the place.,S027,irregular_periods,critical,High,en,synthetic,5
told I have a cyst.,S028,pelvic_mass_sensation,critical,High,en-KE,synthetic,7
sijawahi pata mtoto ingawa ninajaribu.,S026,infertility,severe,High,sw,synthetic,9
I am here because period varies a few days.,S027,irregular_periods,mild,Low,en,synthetic,5
Nina mgongo unaniuma.,S018,lower_back_pain,severe,Moderate,sw,synthetic,7
I came to the clinic because of always in pain.,S002,chronic_pelvic_pain,severe,High,en,synthetic,10
"I told the doctor that pain even when I am not on my period, for 12 months now.",S002,chronic_pelvic_pain,severe,High,en-KE,synthetic,10
The problem I have is that cannot get out of bed.,S002,chronic_pelvic_pain,critical,Critical,en,synthetic,10
The problem I have is that CS scar painful during period.,S035,scar_endometriosis,mild,Low,en-KE,synthetic,7
My main problem is painful bowel movements.,S009,dyschezia,moderate,Moderate,en,synthetic,9
CS scar painful during period.,S035,scar_endometriosis,severe,Moderate,en-KE,synthetic,7
My experience is that told I have a cyst.,S028,pelvic_mass_sensation,mild,Low,en-KE,synthetic,7
I am struggling with lung collapses during period.,S032,catamenial_pneumothorax,severe,High,en,synthetic,9
I experience spotting between periods regularly.,S004,intermenstrual_bleeding,critical,High,en,synthetic,6
I am struggling with look pregnant from bloating.,S014,bloating_abdominal,severe,Moderate,en,synthetic,5
Nilikuja hospitalini kwa sababu ya kuzimia kutokana na maumivu.,S025,fainting_syncope,mild,Moderate,sw,synthetic,8
I want you to know that kuhisi kichefuchefu wakati wa hedhi.,S013,nausea_vomiting_cyclical,severe,Moderate,sw,synthetic,6
"I want you to know that avoiding activities from fear of pain, for 24 years.",S030,anxiety,moderate,Low,en,synthetic,4
I am struggling with coughing blood during period.,S032,catamenial_pneumothorax,mild,Moderate,en,synthetic,9
For the past few months I have had random bleeding.,S004,intermenstrual_bleeding,severe,Moderate,en,synthetic,6
The problem I have is that told I have a cyst.,S028,pelvic_mass_sensation,severe,Moderate,en,synthetic,7
I want you to know that pain when going to the toilet.,S009,dyschezia,moderate,Moderate,en-KE,synthetic,9
I want you to know that my period makes me stay in bed.,S001,dysmenorrhoea,severe,High,en-KE,synthetic,10
My experience is that bleed after sex most times.,S008,post_coital_bleeding,moderate,Low,en,synthetic,5
I told the doctor that seen a doctor about fertility.,S026,infertility,moderate,Moderate,en,synthetic,9
I am struggling with feeling hopeless.,S029,depression,severe,Moderate,en,synthetic,5
Nilikuja hospitalini kwa sababu ya damu kidogo mwilini.,S023,anaemia,critical,High,sw,synthetic,6
I told the doctor that pain at the beginning of sex.,S007,dyspareunia_superficial,moderate,Moderate,en,synthetic,6
"I have cannot function, for the past 3 months.",S001,dysmenorrhoea,severe,High,en,synthetic,10
I have had rectal bleeding since I was a teenager.,S010,rectal_bleeding,moderate,Moderate,en,synthetic,8
I am here because pain when going to the toilet.,S009,dyschezia,severe,High,en-KE,synthetic,9
Nimekuwa na dawa hazisaidii maumivu yangu kwa muda mrefu.,S038,previous_misdiagnosis,mild,Low,sw,synthetic,6
Tatizo langu kuu ni hedhi inaniuma.,S001,dysmenorrhoea,critical,Critical,sw,synthetic,10
Nimekuwa nikilalamika kuhusu mgongo unaniuma.,S018,lower_back_pain,mild,Low,sw,synthetic,7
I have had excruciating anxiety since I was a teenager.,S030,anxiety,critical,Moderate,en,synthetic,4
Since I was young I have had stomach swells up.,S014,bloating_abdominal,moderate,Low,en-KE,synthetic,5
I came to the clinic because of very bad lumbosacral pain.,S018,lower_back_pain,severe,Moderate,en,synthetic,7
The problem I have is that pain starts a week before.,S003,premenstrual_pain,severe,Moderate,en,synthetic,7
"Doctor, I have moderate leg weakness during period and I do not know what to do.",S019,leg_pain_sciatica,moderate,Moderate,en,synthetic,7
The problem I have is that told I have a cyst.,S028,pelvic_mass_sensation,severe,Moderate,en-KE,synthetic,7
"I told the doctor that I cannot function during my period, for over 3 months.",S001,dysmenorrhoea,moderate,High,en-KE,synthetic,10
The problem I have is that belly button painful and swollen during period.,S034,umbilical_pain_bleeding,moderate,Moderate,en,synthetic,8
I came to the clinic because of bad cramps.,S001,dysmenorrhoea,critical,Critical,en,synthetic,10
I came to the clinic because of significant period pain.,S001,dysmenorrhoea,moderate,High,en,synthetic,10
I experience noticeable blood after intercourse regularly.,S008,post_coital_bleeding,moderate,Low,en,synthetic,5
I cannot work properly because of no periods for months.,S027,irregular_periods,critical,High,en,synthetic,5
I am here because doctors keep sending me away.,S038,previous_misdiagnosis,moderate,Moderate,en-KE,synthetic,6
The problem I have is that cannot have sex because of pain.,S006,dyspareunia_deep,critical,Critical,en,synthetic,9
I am struggling with occasional dysuria.,S015,dysuria,mild,Low,en,synthetic,7
My main problem is running stomach during period.,S012,diarrhoea_cyclical,mild,Low,en,synthetic,5
I have vomit during period.,S013,nausea_vomiting_cyclical,severe,Moderate,en,synthetic,6
I came to the clinic because of extreme miss school during period.,S036,work_school_absence,critical,High,en,synthetic,7
I have had large clots since I was a teenager.,S005,heavy_menstrual_bleeding,severe,Moderate,en,synthetic,7
"I came to the clinic because of pain keeps me awake, for over 36 months.",S031,sleep_disturbance,moderate,Low,en,synthetic,4
I am here because cannot go to toilet without crying.,S009,dyschezia,critical,Critical,en,synthetic,9
My main problem is slight cannot tolerate penetration.,S007,dyspareunia_superficial,mild,Low,en,synthetic,6
My experience is that trying for a baby without success.,S026,infertility,critical,Critical,en-KE,synthetic,9
"Doctor, I have scar aches during period and I do not know what to do.",S035,scar_endometriosis,mild,Low,en,synthetic,7
My experience is that have to wear loose clothes.,S014,bloating_abdominal,moderate,Low,en,synthetic,5
I am here because told it is just period pain.,S038,previous_misdiagnosis,severe,Moderate,en-KE,synthetic,6
blood in sputum during period.,S033,catamenial_haemoptysis,critical,High,en,synthetic,8
Since I was young I have had changing pad every hour.,S005,heavy_menstrual_bleeding,moderate,Moderate,en-KE,synthetic,7
I am here because I avoid sex because it hurts.,S006,dyspareunia_deep,moderate,Moderate,en-KE,synthetic,9
For the past few months I have had shoulder aches during period.,S020,shoulder_tip_pain,mild,Low,en,synthetic,6
The problem I have is that feel slightly sick during period.,S013,nausea_vomiting_cyclical,mild,Low,en,synthetic,6
My experience is that I avoid sex because it hurts.,S006,dyspareunia_deep,severe,High,en-KE,synthetic,9
My experience is that my back is in agony during my period.,S018,lower_back_pain,critical,High,en-KE,synthetic,7
I have been dealing with chronic pelvic pain for a while now.,S002,chronic_pelvic_pain,mild,Moderate,en,synthetic,10
Nina kuzimia kutokana na maumivu.,S025,fainting_syncope,mild,Moderate,sw,synthetic,8
"The problem I have is that pain even when I am not on my period, for the past 2 months.",S002,chronic_pelvic_pain,moderate,High,en-KE,synthetic,10
"Doctor, I have groin pain and I do not know what to do.",S021,hip_groin_pain,mild,Low,en,synthetic,6
I have had occasional losing hope since I was a teenager.,S029,depression,mild,Low,en,synthetic,5
My main problem is mild depression.,S029,depression,mild,Low,en,synthetic,5
I have been dealing with excruciating loose stools during period for a while now.,S012,diarrhoea_cyclical,critical,High,en,synthetic,5
I am here because doctors keep sending me away.,S038,previous_misdiagnosis,critical,High,en-KE,synthetic,6
I have come to see the doctor because of stomach upset with period.,S012,diarrhoea_cyclical,mild,Low,en-KE,synthetic,5
The problem I have is that sijawahi pata mtoto ingawa ninajaribu.,S026,infertility,severe,High,sw,synthetic,9
My main problem is worried about my condition.,S030,anxiety,mild,Low,en,synthetic,4
Nimekuwa nikilalamika kuhusu tumbo la chini linauma.,S002,chronic_pelvic_pain,critical,Critical,sw,synthetic,10
I told the doctor that kuhisi kichefuchefu wakati wa hedhi.,S013,nausea_vomiting_cyclical,severe,Moderate,sw,synthetic,6
I have very bad cannot sleep from pain.,S031,sleep_disturbance,severe,Moderate,en,synthetic,4
The problem I have is that I cannot function during my period.,S001,dysmenorrhoea,moderate,High,en-KE,synthetic,10
I have been dealing with periods are not regular for a while now.,S027,irregular_periods,mild,Low,en,synthetic,5
"My experience is that my period makes me stay in bed, for the past 24 months.",S001,dysmenorrhoea,moderate,High,en-KE,synthetic,10
I experience shoulder pain every period regularly.,S020,shoulder_tip_pain,moderate,Moderate,en,synthetic,6
Nilikuja hospitalini kwa sababu ya damu kidogo mwilini.,S023,anaemia,mild,Low,sw,synthetic,6
The problem I have is that blood when not on period.,S004,intermenstrual_bleeding,severe,Moderate,en-KE,synthetic,6
I am struggling with sometimes loose during period.,S012,diarrhoea_cyclical,mild,Low,en,synthetic,5
I am struggling with anaemia from heavy periods.,S023,anaemia,moderate,Moderate,en,synthetic,6
Nimekuwa na damu kidogo mwilini kwa muda mrefu.,S023,anaemia,moderate,Moderate,sw,synthetic,6
I came to the clinic because of treated for something else.,S038,previous_misdiagnosis,moderate,Moderate,en,synthetic,6
I cannot work properly because of slight bleeding between periods.,S004,intermenstrual_bleeding,mild,Low,en,synthetic,6
I have low blood and it is really affecting me.,S023,anaemia,critical,High,en-KE,synthetic,6
"I am struggling with constant worry, for the past 12 months.",S030,anxiety,mild,Low,en,synthetic,4
I want you to know that avoid sex because of pain.,S006,dyspareunia_deep,severe,High,en,synthetic,9
I want you to know that pain at top of shoulder during menstruation.,S020,shoulder_tip_pain,mild,Low,en,synthetic,6
Nilikuja hospitalini kwa sababu ya hedhi nyingi sana.,S005,heavy_menstrual_bleeding,severe,Moderate,sw,synthetic,7
My experience is that CS scar painful during period.,S035,scar_endometriosis,severe,Moderate,en-KE,synthetic,7
Nimekuwa na uchovu kupita kiasi kwa muda mrefu.,S022,fatigue_chronic,mild,Low,sw,synthetic,7
I told the doctor that I avoid sex because it hurts.,S006,dyspareunia_deep,critical,Critical,en-KE,synthetic,9
Every month I suffer from stomach swells up.,S014,bloating_abdominal,critical,High,en-KE,synthetic,5
Tatizo langu kuu ni kuumwa unapokojoa.,S015,dysuria,critical,High,sw,synthetic,7
I told the doctor that blood when I go to the toilet during my period.,S010,rectal_bleeding,critical,High,en,synthetic,8
"I want you to know that my period makes me stay in bed, for 6 years.",S001,dysmenorrhoea,critical,Critical,en-KE,synthetic,10
"Doctor, I have lung collapsed during period and I do not know what to do.",S032,catamenial_pneumothorax,severe,High,en,synthetic,9
For the past few months I have had slightly feverish during period.,S024,fever_cyclical,mild,Low,en,synthetic,5
I have come to see the doctor because of stomach upset with period.,S012,diarrhoea_cyclical,moderate,Low,en-KE,synthetic,5
"Doctor, I have excruciating deep pain during intercourse and I do not know what to do.",S006,dyspareunia_deep,critical,Critical,en,synthetic,9
I want you to know that cycle is all over the place.,S027,irregular_periods,severe,Moderate,en,synthetic,5
Nimekuwa na mgongo unaniuma kwa muda mrefu.,S018,lower_back_pain,mild,Low,sw,synthetic,7
The problem I have is that have to brace for it.,S009,dyschezia,moderate,Moderate,en,synthetic,9
I told the doctor that pain in my lower belly.,S002,chronic_pelvic_pain,mild,Moderate,en-KE,synthetic,10
miss school from period pain.,S036,work_school_absence,critical,High,en-KE,synthetic,7
I want you to know that slight pain when going toilet on period.,S009,dyschezia,mild,Moderate,en,synthetic,9
Every month I suffer from stomach swells up.,S014,bloating_abdominal,moderate,Low,en-KE,synthetic,5
Every month I suffer from pain passing urine.,S015,dysuria,moderate,Moderate,en-KE,synthetic,7
I told the doctor that cannot pass urine from pain.,S015,dysuria,critical,High,en,synthetic,7
pain wakes me at night.,S031,sleep_disturbance,critical,Moderate,en,synthetic,4
I need help with stomach swells up.,S014,bloating_abdominal,mild,Low,en-KE,synthetic,5
Since I was young I have had stomach swells up.,S014,bloating_abdominal,critical,High,en-KE,synthetic,5
"Doctor, I have noticeable constipation during period and I do not know what to do.",S011,constipation_cyclical,moderate,Moderate,en,synthetic,6
Nina kuzimia kutokana na maumivu.,S025,fainting_syncope,critical,High,sw,synthetic,8
The problem I have is that pain when going to the toilet.,S009,dyschezia,mild,Moderate,en-KE,synthetic,9
I cannot work properly because of very uncomfortable.,S011,constipation_cyclical,severe,Moderate,en,synthetic,6
I have had losing hope since I was a teenager.,S029,depression,severe,Moderate,en,synthetic,5
I told the doctor that inner thigh pain during period.,S021,hip_groin_pain,critical,High,en,synthetic,6
"have to take painkillers outside period, for the past 3 months.",S002,chronic_pelvic_pain,moderate,High,en,synthetic,10
I experience excruciating bloating regularly.,S014,bloating_abdominal,critical,High,en,synthetic,5
My experience is that avoiding activities from fear of pain.,S030,anxiety,moderate,Low,en,synthetic,4
The problem I have is that belly button pain during period.,S034,umbilical_pain_bleeding,severe,High,en,synthetic,8
"I told the doctor that miss school from period pain, since I was 19 years old.",S036,work_school_absence,mild,Low,en-KE,synthetic,7
Nilikuja hospitalini kwa sababu ya kujamiiana kunauma.,S006,dyspareunia_deep,severe,High,sw,synthetic,9
My experience is that my back is in agony during my period.,S018,lower_back_pain,severe,Moderate,en-KE,synthetic,7
